64032474,"tin tức sự kiện"
86988755,"thông tin chỉ đạo điều hành của  tỉnh"
33311645,"đại hội đảng"
3996077,"tuyên truyền chính sách bhxh, bhyt"
12849472,"tin sở - ngành"
37263859,"dự án, hạng mục đầu tư"
33481820,"thi đua, khen thưởng, kỷ luật"
24870418,"hoạt động của lãnh đạo tỉnh"
38009072,"chuyên mục thuế"
44672880,"tin huyện - thành phố - thị xã"
94514795,"lấy ý kiến góp ý dự thảo văn bản"
15590566,"tuyên truyền dịch vụ công trực tuyến"
97277504,"báo cáo thống kê"
18441591,"đấu thầu, đấu giá, mua sắm công"
64239557,"chung tay xoa dịu nỗi đau da cam"
36670594,"hỗ trợ doanh nghiệp"
97295739,"bảo vệ chủ quyền lãnh thổ an ninh biên giới"
50596140,"công khai ngân sách"
52517123,"biến đổi khí hậu"
37330725,"bài viết tuyên truyền"
46921517,"tuyên truyền, phổ biến pháp luật"
95066713,"đường dây nóng"
86964122,"bluezone và ncovi"
51917322,"hội thi tuyên truyền chủ quyền biển, đảo việt nam năm 2020"
28631276,"thông tin cải cách hành chính"
96355065,"xây dựng xã hội học tập"
61887168,"thông tin - thông báo"
62985833,"chiến lược, quy hoạch, kế hoạch"
20100814,"hội nhập quốc tế"
27522985,"thông báo"
33698128,"hạ tầng viễn thông"
99708495,"thông tin truyền thông"
43056849,"bất động sản"
30663156,"sở, ban, ngành"
73360714,"phòng chống virut corona"
40988681,"chương trình, đề tài khoa học"
40918139,"dịch vụ công trực tuyến"
60156270,"hội an - mỹ sơn"
14838222,"bảo vệ môi trường"
35568041,"đại hội đại biểu các dtts tỉnh quảng nam lần iii -2019"
54287706,"số hóa truyền hình"
7482646,"môi trường"
53774414,"an ninh quốc phòng"
92853541,"kinh tế"
79615107,"văn hóa - thể thao - du lịch"
9618587,"giải thưởng huỳnh ngọc huệ"
77715074,"y tế - giáo dục"
95146196,"tấm gương thi đua yêu nước"
79499828,"địa chỉ từ thiện"
78270981,"tin tức"
48613385,"hồ sơ sức khỏe cá nhân"
30758573,"phòng chống buôn lậu hàng giả"
15483590,"tìm hiểu quảng nam"
72800384,"thông tin hỗ trợ doanh nghiệp"
16048313,"70 năm ngày bác hồ ra lời kêu gọi thi đua ái quốc"
23970048,"45 năm văn hóa việt nam - nhật bản"
45087881,"di tích, danh thắng"
68725811,"đa phương tiện"
19943676,"điều kiện tự nhiên"
712061,"tổng quan"
72154260,"chuyên mục quảng cáo"
81671716,"di sản nghệ thuật bài chòi trung bộ việt nam"
35760903,"các dự án kêu gọi đầu tư"
69146148,"phòng chống tảo hôn"
52645985,"kỷ niệm 110 năm phong trào chống sưu, thuế ở quảng nam"
3914235,"ngày hàn quốc tại tỉnh quảng nam"
36624778,"giảm nghèo bền vững"
56095052,"lưu trữ các chuyên mục không dùng"
38461206,"apec việt nam 2017"
28247451,"học tập và làm theo tấm gương đạo đức hồ chí minh"
62489489,"cuộc sống quanh ta"
86314051,"văn bản pháp luật"
82318352,"kỷ niệm 70 năm ngày thương binh - liệt sỹ 27/7"
85451732,"tìm hiểu luật trẻ em"
34941667,"chất độc da cam"
31522448,"kỷ niệm 20 năm tái lập tỉnh và 42 năm giải phóng tỉnh quảng nam"
13693465,"tin từ các đơn vị"
67639623,"thông tin đối ngoại"
91454665,"báo cáo kinh tế - xã hội"
79576119,"bạo lực gia đình"
59419374,"kỷ niệm 140 năm ngày sinh cụ huỳnh thúc kháng"
64625350,"kỷ niệm 10 năm thành phố tam kỳ"
18671490,"phòng chống ma túy, tội phạm"
36637685,"nhân vật sự kiện"
13518440,"bầu cử quốc hội và hđnd"
64407834,"tiếp công dân"
54764627,"sở thông tin truyền thông"
22650141,"chương trình mục tiêu quốc gia đưa thông tin về cơ sở"
49177609,"test thử"
97606387,"kỷ niệm 40 năm giải phóng tỉnh quảng nam"
14430119,"tìm hiểu luật khiếu nại tố cáo"
68968187,"đại hội đại biểu các dân tộc thiểu số quảng nam"
46338147,"sâm ngọc linh quảng nam"
91707117,"sở thông tin và truyền thông"
82490946,"diễn đàn phát triển duyên hải miền trung"
73558957,"công ty tnhh một thành viên khai thác thủy lợi quảng nam"
93217469,"bản đồ hành chính"
60478532,"điểm tin văn bản pháp luật"
42114381,"công nghệ thông tin"
21196575,"tin từ các báo"
10918253,"thông báo kết luận"
23645560,"các văn bản chỉ đạo tuyên truyền"
99394336,"phóng sự ảnh"
56410468,"quy hoạch phát triển"
22642249,"gương sáng vượt khó học giỏi"
64863421,"phát thanh cơ sở"
64729154,"thực hiện cuộc vận động"
12428222,"khu công nghiệp"
48071374,"kcn đông quế sơn"
45948522,"các dự án đầu tư"
44150202,"văn phòng ubnd tỉnh"
50563698,"phong trào khuyến học"
43042984,"lịch công tác ubnd tỉnh"
36407418,"ubnd thành phố tam kỳ"
74557007,"văn bản htdn"
18527577,"các huyện, thành phố"
26815150,"sở văn hóa - thể thao - du lịch"
80974047,"bản tin y dược"
67924445,"ubnd huyện duy xuyên"
61153506,"sửa đổi hiến pháp"
66125234,"ubnd huyện quế sơn"
98499624,"ubnd huyện nông sơn"
47982156,"cuc thue quang nam"
6014054,"tấm lòng vàng khuyến học"
45731847,"ngân hàng nhà nước"
13692023,"bản tin khuyến học"
29117729,"hỏi đáp"
72130664,"ubnd huyện bắc trà my"
54680871,"giới thiệu công ty cổ phần  cấp thoát nước quảng nam"
96045946,"ẩm thực"
28295027,"tiềm năng du lịch"
44975652,"nâng cao khả năng sử dụng máy tính và truy cập internet công cộng tại việt nam"
37520203,"di tích - danh thắng"
83925418,"hợp tác hữu nghị quảng nam - chăm pa sắc"
46354649,"làng nghề"
12928542,"tạp chí đất quảng"
45136427,"tin kinh tế"
80449874,"ubnd huyện thăng bình"
76160220,"người việt ưu tiên dùng hàng việt"
23824780,"diễn đàn hđnd"
60645319,"bản tin điện lực"
24383842,"cuộc thi viết thư upu quốc tế"
93462350,"cục thuế tỉnh"
39994606,"ubnd huyện phước sơn"
94184136,"năm 2012"
22283602,"dân số"
95169534,"lịch sử, văn hóa"
45378002,"kỷ niêm ngày mặt trận dân tộc thống nhất"
58271820,"khuyến học"
92166064,"bình đẳng giới"
63492048,"ubnd huyện phú ninh"
42800401,"sở nội vụ"
3315704,"tài nguyên"
14147284,"ctmtqg giảm ngèo bền vững 2012-2015"
96422846,"đào tạo nghề cho lao động nông thôn đến năm 2020"
96042287,"sở công thương"
69783586,"văn bản quảng nam"
58084709,"ngân hàng nhà nước quảng nam"
16293275,"video biến đổi khí hậu"
71519446,"kỷ niệm 100 năm ngày sinh đồng chí võ chí công"
28362896,"bản tin nông dân"
3011466,"phòng, chống tham nhũng"
46568917,"thủ tục hành chính"
12083765,"ubnd huyện núi thành"
54467372,"chỉ thị"
76887232,"ubnd huyện hiệp đức"
26030294,"ktm chu lai"
79206665,"các công trình tưởng niệm"
76565911,"giới thiệu công ty tnhh mtv tuyên hoàng"
89777091,"chuyện kể về bác"
18089420,"tư tưởng hồ chí minh"
48604376,"di chúc"
2295133,"tiểu sử"
29902154,"kế hoạch"
19259290,"giải trí"
12425510,"chính quyền"
65331986,"sở nn - ptnt"
37653509,"sở giáo dục - đào tạo"
94426237,"hội thảo thân thế và sự nghiệp cụ huỳnh thúc kháng"
52436400,"kcn thuận yên"
43305808,"kcn điện nam - điện ngọc"
11949083,"năm 2011"
66465868,"người dân"
3015021,"hđnd tỉnh"
3301764,"ubnd tỉnh"
31154725,"khách sạn"
10206309,"bảo tàng, thư viện"
61829078,"đại hội đại biểu phụ nữ các cấp 2011"
24171243,"quỹ đầu tư phát triển quảng nam"
9262935,"lễ hội"
71773687,"giới thiệu"
85415169,"định hướng, chiến lược phát triển"
88617664,"portal tỉnh quảng nam"
45973751,"tuyển dụng và đào tạo"
87971388,"cơ sở tôn giáo"
69161263,"giải tỏa đền bù"
65064304,"quyết định nhân sự"
81893019,"giadatqn"
63931831,"cty tnhh bắc trung"
82655935,"bầu cử hđnd 2011"
85070558,"người cao tuổi"
2612609,"sinh nhật bác"
66097927,"vệ sinh an toàn thực phẩm"
33967360,"bản tin mặt trận"
78004306,"hội, đoàn thể"
67628546,"ubnd huyện đại lộc"
92254895,"huyện, thị, thành"
1389726,"vietnam airlines"
33202784,"báo cáo kt-xh"
60735829,"daihoidangxx"
4291271,"sukien&amp;dichvu"
78901780,"quảng cáo - logo"
40188744,"hoidapthue"
57495459,"qti"
76162909,"ubnd huyện điện bàn"
55093609,"biểu tượng quảng nam"
82679334,"tthcthue"
87700498,"tin nổi bật"
51256721,"ubnd huyện tiên phước"
44096101,"năm 2010"
27117883,"dai hoi dang xi"
9582426,"ban quản lý đô thị mới điện nam - điện ngọc"
2242221,"đầu tư"
4689217,"bql khu kinh tế mở chu lai"
48711168,"thongke"
54700201,"kcn tây an"
44142330,"thanh tra tỉnh"
17128858,"cục thống kê"
11783417,"sở tài nguyên - môi trường"
31057053,"du khách"
85529878,"năm 2009"
5325130,"ubnd thành phố hội an"
59930027,"kcn trảng nhật"
18302164,"trình tự thủ tục đầu tư"
99488296,"kcn đông thăng bình"
18098222,"bản đồ"
31494424,"dịch vụ vận chuyển"
1988440,"dịch vụ khác"
175371,"thông tin hoạt động của lãnh đạo tỉnh"
22360660,"diễn đàn thảo luận"
7584331,"giao lưu trực tuyến"
75489665,"sơ đồ website"
46737860,"quyết định"
46372488,"công văn"
