33248,"/CMSPages/BaiViet/Default.aspx?IDBaiViet=33248"
33247,"/CMSPages/BaiViet/Default.aspx?IDBaiViet=33247"
33246,"/CMSPages/BaiViet/Default.aspx?IDBaiViet=33246"
33244,"/CMSPages/BaiViet/Default.aspx?IDBaiViet=33244"
33243,"/CMSPages/BaiViet/Default.aspx?IDBaiViet=33243"
33242,"/CMSPages/BaiViet/Default.aspx?IDBaiViet=33242"
33241,"/CMSPages/BaiViet/Default.aspx?IDBaiViet=33241"
33240,"/CMSPages/BaiViet/Default.aspx?IDBaiViet=33240"
33239,"/CMSPages/BaiViet/Default.aspx?IDBaiViet=33239"
33238,"/CMSPages/BaiViet/Default.aspx?IDBaiViet=33238"
33237,"/CMSPages/BaiViet/Default.aspx?IDBaiViet=33237"
33236,"/CMSPages/BaiViet/Default.aspx?IDBaiViet=33236"
33235,"/CMSPages/BaiViet/Default.aspx?IDBaiViet=33235"
33232,"/CMSPages/BaiViet/Default.aspx?IDBaiViet=33232"
33231,"/CMSPages/BaiViet/Default.aspx?IDBaiViet=33231"
33230,"/CMSPages/BaiViet/Default.aspx?IDBaiViet=33230"
33228,"/CMSPages/BaiViet/Default.aspx?IDBaiViet=33228"
33225,"/CMSPages/BaiViet/Default.aspx?IDBaiViet=33225"
33221,"/CMSPages/BaiViet/Default.aspx?IDBaiViet=33221"
33220,"/CMSPages/BaiViet/Default.aspx?IDBaiViet=33220"
33219,"/CMSPages/BaiViet/Default.aspx?IDBaiViet=33219"
33217,"/CMSPages/BaiViet/Default.aspx?IDBaiViet=33217"
33215,"/CMSPages/BaiViet/Default.aspx?IDBaiViet=33215"
33214,"/CMSPages/BaiViet/Default.aspx?IDBaiViet=33214"
33213,"/CMSPages/BaiViet/Default.aspx?IDBaiViet=33213"
33212,"/CMSPages/BaiViet/Default.aspx?IDBaiViet=33212"
33211,"/CMSPages/BaiViet/Default.aspx?IDBaiViet=33211"
33207,"/CMSPages/BaiViet/Default.aspx?IDBaiViet=33207"
33206,"/CMSPages/BaiViet/Default.aspx?IDBaiViet=33206"
33205,"/CMSPages/BaiViet/Default.aspx?IDBaiViet=33205"
33203,"/CMSPages/BaiViet/Default.aspx?IDBaiViet=33203"
33201,"/CMSPages/BaiViet/Default.aspx?IDBaiViet=33201"
33200,"/CMSPages/BaiViet/Default.aspx?IDBaiViet=33200"
33199,"/CMSPages/BaiViet/Default.aspx?IDBaiViet=33199"
33197,"/CMSPages/BaiViet/Default.aspx?IDBaiViet=33197"
33195,"/CMSPages/BaiViet/Default.aspx?IDBaiViet=33195"
33192,"/CMSPages/BaiViet/Default.aspx?IDBaiViet=33192"
33190,"/CMSPages/BaiViet/Default.aspx?IDBaiViet=33190"
33186,"/CMSPages/BaiViet/Default.aspx?IDBaiViet=33186"
33183,"/CMSPages/BaiViet/Default.aspx?IDBaiViet=33183"
33182,"/CMSPages/BaiViet/Default.aspx?IDBaiViet=33182"
33181,"/CMSPages/BaiViet/Default.aspx?IDBaiViet=33181"
33180,"/CMSPages/BaiViet/Default.aspx?IDBaiViet=33180"
33176,"/CMSPages/BaiViet/Default.aspx?IDBaiViet=33176"
33175,"/CMSPages/BaiViet/Default.aspx?IDBaiViet=33175"
33168,"/CMSPages/BaiViet/Default.aspx?IDBaiViet=33168"
33164,"/CMSPages/BaiViet/Default.aspx?IDBaiViet=33164"
33163,"/CMSPages/BaiViet/Default.aspx?IDBaiViet=33163"
33160,"/CMSPages/BaiViet/Default.aspx?IDBaiViet=33160"
33159,"/CMSPages/BaiViet/Default.aspx?IDBaiViet=33159"
33158,"/CMSPages/BaiViet/Default.aspx?IDBaiViet=33158"
33155,"/CMSPages/BaiViet/Default.aspx?IDBaiViet=33155"
33151,"/CMSPages/BaiViet/Default.aspx?IDBaiViet=33151"
33147,"/CMSPages/BaiViet/Default.aspx?IDBaiViet=33147"
33144,"/CMSPages/BaiViet/Default.aspx?IDBaiViet=33144"
33142,"/CMSPages/BaiViet/Default.aspx?IDBaiViet=33142"
33140,"/CMSPages/BaiViet/Default.aspx?IDBaiViet=33140"
33129,"/CMSPages/BaiViet/Default.aspx?IDBaiViet=33129"
33128,"/CMSPages/BaiViet/Default.aspx?IDBaiViet=33128"
33127,"/CMSPages/BaiViet/Default.aspx?IDBaiViet=33127"
33125,"/CMSPages/BaiViet/Default.aspx?IDBaiViet=33125"
33122,"/CMSPages/BaiViet/Default.aspx?IDBaiViet=33122"
33121,"/CMSPages/BaiViet/Default.aspx?IDBaiViet=33121"
33117,"/CMSPages/BaiViet/Default.aspx?IDBaiViet=33117"
33116,"/CMSPages/BaiViet/Default.aspx?IDBaiViet=33116"
33114,"/CMSPages/BaiViet/Default.aspx?IDBaiViet=33114"
33109,"/CMSPages/BaiViet/Default.aspx?IDBaiViet=33109"
33104,"/CMSPages/BaiViet/Default.aspx?IDBaiViet=33104"
33103,"/CMSPages/BaiViet/Default.aspx?IDBaiViet=33103"
33099,"/CMSPages/BaiViet/Default.aspx?IDBaiViet=33099"
33094,"/CMSPages/BaiViet/Default.aspx?IDBaiViet=33094"
33093,"/CMSPages/BaiViet/Default.aspx?IDBaiViet=33093"
33092,"/CMSPages/BaiViet/Default.aspx?IDBaiViet=33092"
33080,"/CMSPages/BaiViet/Default.aspx?IDBaiViet=33080"
33075,"/CMSPages/BaiViet/Default.aspx?IDBaiViet=33075"
33074,"/CMSPages/BaiViet/Default.aspx?IDBaiViet=33074"
33069,"/CMSPages/BaiViet/Default.aspx?IDBaiViet=33069"
33067,"/CMSPages/BaiViet/Default.aspx?IDBaiViet=33067"
33064,"/CMSPages/BaiViet/Default.aspx?IDBaiViet=33064"
33060,"/CMSPages/BaiViet/Default.aspx?IDBaiViet=33060"
33058,"/CMSPages/BaiViet/Default.aspx?IDBaiViet=33058"
33054,"/CMSPages/BaiViet/Default.aspx?IDBaiViet=33054"
33053,"/CMSPages/BaiViet/Default.aspx?IDBaiViet=33053"
33045,"/CMSPages/BaiViet/Default.aspx?IDBaiViet=33045"
33044,"/CMSPages/BaiViet/Default.aspx?IDBaiViet=33044"
33040,"/CMSPages/BaiViet/Default.aspx?IDBaiViet=33040"
33035,"/CMSPages/BaiViet/Default.aspx?IDBaiViet=33035"
33034,"/CMSPages/BaiViet/Default.aspx?IDBaiViet=33034"
33032,"/CMSPages/BaiViet/Default.aspx?IDBaiViet=33032"
33029,"/CMSPages/BaiViet/Default.aspx?IDBaiViet=33029"
33026,"/CMSPages/BaiViet/Default.aspx?IDBaiViet=33026"
33024,"/CMSPages/BaiViet/Default.aspx?IDBaiViet=33024"
33023,"/CMSPages/BaiViet/Default.aspx?IDBaiViet=33023"
33011,"/CMSPages/BaiViet/Default.aspx?IDBaiViet=33011"
33009,"/CMSPages/BaiViet/Default.aspx?IDBaiViet=33009"
33007,"/CMSPages/BaiViet/Default.aspx?IDBaiViet=33007"
33004,"/CMSPages/BaiViet/Default.aspx?IDBaiViet=33004"
33001,"/CMSPages/BaiViet/Default.aspx?IDBaiViet=33001"
32997,"/CMSPages/BaiViet/Default.aspx?IDBaiViet=32997"
32996,"/CMSPages/BaiViet/Default.aspx?IDBaiViet=32996"
32990,"/CMSPages/BaiViet/Default.aspx?IDBaiViet=32990"
32989,"/CMSPages/BaiViet/Default.aspx?IDBaiViet=32989"
32988,"/CMSPages/BaiViet/Default.aspx?IDBaiViet=32988"
32986,"/CMSPages/BaiViet/Default.aspx?IDBaiViet=32986"
32982,"/CMSPages/BaiViet/Default.aspx?IDBaiViet=32982"
32981,"/CMSPages/BaiViet/Default.aspx?IDBaiViet=32981"
32978,"/CMSPages/BaiViet/Default.aspx?IDBaiViet=32978"
32977,"/CMSPages/BaiViet/Default.aspx?IDBaiViet=32977"
32971,"/CMSPages/BaiViet/Default.aspx?IDBaiViet=32971"
32960,"/CMSPages/BaiViet/Default.aspx?IDBaiViet=32960"
32953,"/CMSPages/BaiViet/Default.aspx?IDBaiViet=32953"
32951,"/CMSPages/BaiViet/Default.aspx?IDBaiViet=32951"
32944,"/CMSPages/BaiViet/Default.aspx?IDBaiViet=32944"
32938,"/CMSPages/BaiViet/Default.aspx?IDBaiViet=32938"
32937,"/CMSPages/BaiViet/Default.aspx?IDBaiViet=32937"
32928,"/CMSPages/BaiViet/Default.aspx?IDBaiViet=32928"
32927,"/CMSPages/BaiViet/Default.aspx?IDBaiViet=32927"
32918,"/CMSPages/BaiViet/Default.aspx?IDBaiViet=32918"
32917,"/CMSPages/BaiViet/Default.aspx?IDBaiViet=32917"
32913,"/CMSPages/BaiViet/Default.aspx?IDBaiViet=32913"
32912,"/CMSPages/BaiViet/Default.aspx?IDBaiViet=32912"
32905,"/CMSPages/BaiViet/Default.aspx?IDBaiViet=32905"
32904,"/CMSPages/BaiViet/Default.aspx?IDBaiViet=32904"
32897,"/CMSPages/BaiViet/Default.aspx?IDBaiViet=32897"
32894,"/CMSPages/BaiViet/Default.aspx?IDBaiViet=32894"
32892,"/CMSPages/BaiViet/Default.aspx?IDBaiViet=32892"
32886,"/CMSPages/BaiViet/Default.aspx?IDBaiViet=32886"
32885,"/CMSPages/BaiViet/Default.aspx?IDBaiViet=32885"
32878,"/CMSPages/BaiViet/Default.aspx?IDBaiViet=32878"
32870,"/CMSPages/BaiViet/Default.aspx?IDBaiViet=32870"
32864,"/CMSPages/BaiViet/Default.aspx?IDBaiViet=32864"
32860,"/CMSPages/BaiViet/Default.aspx?IDBaiViet=32860"
32847,"/CMSPages/BaiViet/Default.aspx?IDBaiViet=32847"
32843,"/CMSPages/BaiViet/Default.aspx?IDBaiViet=32843"
32840,"/CMSPages/BaiViet/Default.aspx?IDBaiViet=32840"
32839,"/CMSPages/BaiViet/Default.aspx?IDBaiViet=32839"
32837,"/CMSPages/BaiViet/Default.aspx?IDBaiViet=32837"
32834,"/CMSPages/BaiViet/Default.aspx?IDBaiViet=32834"
32825,"/CMSPages/BaiViet/Default.aspx?IDBaiViet=32825"
32821,"/CMSPages/BaiViet/Default.aspx?IDBaiViet=32821"
32819,"/CMSPages/BaiViet/Default.aspx?IDBaiViet=32819"
32816,"/CMSPages/BaiViet/Default.aspx?IDBaiViet=32816"
32809,"/CMSPages/BaiViet/Default.aspx?IDBaiViet=32809"
32807,"/CMSPages/BaiViet/Default.aspx?IDBaiViet=32807"
32803,"/CMSPages/BaiViet/Default.aspx?IDBaiViet=32803"
32802,"/CMSPages/BaiViet/Default.aspx?IDBaiViet=32802"
32799,"/CMSPages/BaiViet/Default.aspx?IDBaiViet=32799"
32798,"/CMSPages/BaiViet/Default.aspx?IDBaiViet=32798"
32788,"/CMSPages/BaiViet/Default.aspx?IDBaiViet=32788"
32786,"/CMSPages/BaiViet/Default.aspx?IDBaiViet=32786"
32785,"/CMSPages/BaiViet/Default.aspx?IDBaiViet=32785"
32783,"/CMSPages/BaiViet/Default.aspx?IDBaiViet=32783"
32782,"/CMSPages/BaiViet/Default.aspx?IDBaiViet=32782"
32778,"/CMSPages/BaiViet/Default.aspx?IDBaiViet=32778"
32777,"/CMSPages/BaiViet/Default.aspx?IDBaiViet=32777"
32774,"/CMSPages/BaiViet/Default.aspx?IDBaiViet=32774"
32770,"/CMSPages/BaiViet/Default.aspx?IDBaiViet=32770"
32768,"/CMSPages/BaiViet/Default.aspx?IDBaiViet=32768"
32767,"/CMSPages/BaiViet/Default.aspx?IDBaiViet=32767"
32766,"/CMSPages/BaiViet/Default.aspx?IDBaiViet=32766"
32761,"/CMSPages/BaiViet/Default.aspx?IDBaiViet=32761"
32754,"/CMSPages/BaiViet/Default.aspx?IDBaiViet=32754"
32752,"/CMSPages/BaiViet/Default.aspx?IDBaiViet=32752"
32750,"/CMSPages/BaiViet/Default.aspx?IDBaiViet=32750"
32737,"/CMSPages/BaiViet/Default.aspx?IDBaiViet=32737"
32735,"/CMSPages/BaiViet/Default.aspx?IDBaiViet=32735"
32720,"/CMSPages/BaiViet/Default.aspx?IDBaiViet=32720"
32715,"/CMSPages/BaiViet/Default.aspx?IDBaiViet=32715"
32707,"/CMSPages/BaiViet/Default.aspx?IDBaiViet=32707"
32704,"/CMSPages/BaiViet/Default.aspx?IDBaiViet=32704"
32702,"/CMSPages/BaiViet/Default.aspx?IDBaiViet=32702"
32689,"/CMSPages/BaiViet/Default.aspx?IDBaiViet=32689"
32688,"/CMSPages/BaiViet/Default.aspx?IDBaiViet=32688"
32686,"/CMSPages/BaiViet/Default.aspx?IDBaiViet=32686"
32685,"/CMSPages/BaiViet/Default.aspx?IDBaiViet=32685"
32682,"/CMSPages/BaiViet/Default.aspx?IDBaiViet=32682"
32666,"/CMSPages/BaiViet/Default.aspx?IDBaiViet=32666"
32645,"/CMSPages/BaiViet/Default.aspx?IDBaiViet=32645"
32642,"/CMSPages/BaiViet/Default.aspx?IDBaiViet=32642"
32626,"/CMSPages/BaiViet/Default.aspx?IDBaiViet=32626"
32611,"/CMSPages/BaiViet/Default.aspx?IDBaiViet=32611"
32610,"/CMSPages/BaiViet/Default.aspx?IDBaiViet=32610"
32609,"/CMSPages/BaiViet/Default.aspx?IDBaiViet=32609"
32606,"/CMSPages/BaiViet/Default.aspx?IDBaiViet=32606"
32599,"/CMSPages/BaiViet/Default.aspx?IDBaiViet=32599"
32590,"/CMSPages/BaiViet/Default.aspx?IDBaiViet=32590"
32580,"/CMSPages/BaiViet/Default.aspx?IDBaiViet=32580"
32572,"/CMSPages/BaiViet/Default.aspx?IDBaiViet=32572"
32562,"/CMSPages/BaiViet/Default.aspx?IDBaiViet=32562"
32553,"/CMSPages/BaiViet/Default.aspx?IDBaiViet=32553"
32551,"/CMSPages/BaiViet/Default.aspx?IDBaiViet=32551"
32522,"/CMSPages/BaiViet/Default.aspx?IDBaiViet=32522"
32521,"/CMSPages/BaiViet/Default.aspx?IDBaiViet=32521"
32520,"/CMSPages/BaiViet/Default.aspx?IDBaiViet=32520"
32517,"/CMSPages/BaiViet/Default.aspx?IDBaiViet=32517"
32514,"/CMSPages/BaiViet/Default.aspx?IDBaiViet=32514"
32502,"/CMSPages/BaiViet/Default.aspx?IDBaiViet=32502"
32499,"/CMSPages/BaiViet/Default.aspx?IDBaiViet=32499"
32493,"/CMSPages/BaiViet/Default.aspx?IDBaiViet=32493"
32487,"/CMSPages/BaiViet/Default.aspx?IDBaiViet=32487"
32486,"/CMSPages/BaiViet/Default.aspx?IDBaiViet=32486"
32485,"/CMSPages/BaiViet/Default.aspx?IDBaiViet=32485"
32478,"/CMSPages/BaiViet/Default.aspx?IDBaiViet=32478"
32467,"/CMSPages/BaiViet/Default.aspx?IDBaiViet=32467"
32465,"/CMSPages/BaiViet/Default.aspx?IDBaiViet=32465"
32460,"/CMSPages/BaiViet/Default.aspx?IDBaiViet=32460"
32442,"/CMSPages/BaiViet/Default.aspx?IDBaiViet=32442"
32437,"/CMSPages/BaiViet/Default.aspx?IDBaiViet=32437"
32430,"/CMSPages/BaiViet/Default.aspx?IDBaiViet=32430"
32389,"/CMSPages/BaiViet/Default.aspx?IDBaiViet=32389"
32385,"/CMSPages/BaiViet/Default.aspx?IDBaiViet=32385"
32381,"/CMSPages/BaiViet/Default.aspx?IDBaiViet=32381"
32373,"/CMSPages/BaiViet/Default.aspx?IDBaiViet=32373"
32358,"/CMSPages/BaiViet/Default.aspx?IDBaiViet=32358"
32340,"/CMSPages/BaiViet/Default.aspx?IDBaiViet=32340"
32307,"/CMSPages/BaiViet/Default.aspx?IDBaiViet=32307"
32305,"/CMSPages/BaiViet/Default.aspx?IDBaiViet=32305"
32291,"/CMSPages/BaiViet/Default.aspx?IDBaiViet=32291"
32274,"/CMSPages/BaiViet/Default.aspx?IDBaiViet=32274"
32267,"/CMSPages/BaiViet/Default.aspx?IDBaiViet=32267"
32243,"/CMSPages/BaiViet/Default.aspx?IDBaiViet=32243"
32232,"/CMSPages/BaiViet/Default.aspx?IDBaiViet=32232"
32227,"/CMSPages/BaiViet/Default.aspx?IDBaiViet=32227"
32209,"/CMSPages/BaiViet/Default.aspx?IDBaiViet=32209"
32208,"/CMSPages/BaiViet/Default.aspx?IDBaiViet=32208"
32196,"/CMSPages/BaiViet/Default.aspx?IDBaiViet=32196"
32172,"/CMSPages/BaiViet/Default.aspx?IDBaiViet=32172"
32157,"/CMSPages/BaiViet/Default.aspx?IDBaiViet=32157"
32155,"/CMSPages/BaiViet/Default.aspx?IDBaiViet=32155"
32125,"/CMSPages/BaiViet/Default.aspx?IDBaiViet=32125"
32116,"/CMSPages/BaiViet/Default.aspx?IDBaiViet=32116"
32103,"/CMSPages/BaiViet/Default.aspx?IDBaiViet=32103"
32094,"/CMSPages/BaiViet/Default.aspx?IDBaiViet=32094"
32044,"/CMSPages/BaiViet/Default.aspx?IDBaiViet=32044"
31989,"/CMSPages/BaiViet/Default.aspx?IDBaiViet=31989"
31987,"/CMSPages/BaiViet/Default.aspx?IDBaiViet=31987"
31959,"/CMSPages/BaiViet/Default.aspx?IDBaiViet=31959"
31956,"/CMSPages/BaiViet/Default.aspx?IDBaiViet=31956"
31931,"/CMSPages/BaiViet/Default.aspx?IDBaiViet=31931"
31926,"/CMSPages/BaiViet/Default.aspx?IDBaiViet=31926"
31921,"/CMSPages/BaiViet/Default.aspx?IDBaiViet=31921"
31914,"/CMSPages/BaiViet/Default.aspx?IDBaiViet=31914"
31900,"/CMSPages/BaiViet/Default.aspx?IDBaiViet=31900"
31862,"/CMSPages/BaiViet/Default.aspx?IDBaiViet=31862"
31833,"/CMSPages/BaiViet/Default.aspx?IDBaiViet=31833"
31733,"/CMSPages/BaiViet/Default.aspx?IDBaiViet=31733"
31732,"/CMSPages/BaiViet/Default.aspx?IDBaiViet=31732"
31728,"/CMSPages/BaiViet/Default.aspx?IDBaiViet=31728"
31671,"/CMSPages/BaiViet/Default.aspx?IDBaiViet=31671"
31645,"/CMSPages/BaiViet/Default.aspx?IDBaiViet=31645"
31630,"/CMSPages/BaiViet/Default.aspx?IDBaiViet=31630"
31569,"/CMSPages/BaiViet/Default.aspx?IDBaiViet=31569"
31561,"/CMSPages/BaiViet/Default.aspx?IDBaiViet=31561"
31557,"/CMSPages/BaiViet/Default.aspx?IDBaiViet=31557"
31508,"/CMSPages/BaiViet/Default.aspx?IDBaiViet=31508"
31500,"/CMSPages/BaiViet/Default.aspx?IDBaiViet=31500"
31496,"/CMSPages/BaiViet/Default.aspx?IDBaiViet=31496"
31474,"/CMSPages/BaiViet/Default.aspx?IDBaiViet=31474"
31467,"/CMSPages/BaiViet/Default.aspx?IDBaiViet=31467"
31437,"/CMSPages/BaiViet/Default.aspx?IDBaiViet=31437"
31436,"/CMSPages/BaiViet/Default.aspx?IDBaiViet=31436"
31427,"/CMSPages/BaiViet/Default.aspx?IDBaiViet=31427"
31417,"/CMSPages/BaiViet/Default.aspx?IDBaiViet=31417"
31413,"/CMSPages/BaiViet/Default.aspx?IDBaiViet=31413"
31400,"/CMSPages/BaiViet/Default.aspx?IDBaiViet=31400"
31389,"/CMSPages/BaiViet/Default.aspx?IDBaiViet=31389"
31381,"/CMSPages/BaiViet/Default.aspx?IDBaiViet=31381"
31378,"/CMSPages/BaiViet/Default.aspx?IDBaiViet=31378"
31375,"/CMSPages/BaiViet/Default.aspx?IDBaiViet=31375"
31371,"/CMSPages/BaiViet/Default.aspx?IDBaiViet=31371"
31357,"/CMSPages/BaiViet/Default.aspx?IDBaiViet=31357"
31355,"/CMSPages/BaiViet/Default.aspx?IDBaiViet=31355"
31351,"/CMSPages/BaiViet/Default.aspx?IDBaiViet=31351"
31350,"/CMSPages/BaiViet/Default.aspx?IDBaiViet=31350"
31346,"/CMSPages/BaiViet/Default.aspx?IDBaiViet=31346"
31333,"/CMSPages/BaiViet/Default.aspx?IDBaiViet=31333"
31331,"/CMSPages/BaiViet/Default.aspx?IDBaiViet=31331"
31324,"/CMSPages/BaiViet/Default.aspx?IDBaiViet=31324"
31323,"/CMSPages/BaiViet/Default.aspx?IDBaiViet=31323"
31306,"/CMSPages/BaiViet/Default.aspx?IDBaiViet=31306"
31278,"/CMSPages/BaiViet/Default.aspx?IDBaiViet=31278"
31261,"/CMSPages/BaiViet/Default.aspx?IDBaiViet=31261"
31237,"/CMSPages/BaiViet/Default.aspx?IDBaiViet=31237"
31196,"/CMSPages/BaiViet/Default.aspx?IDBaiViet=31196"
31187,"/CMSPages/BaiViet/Default.aspx?IDBaiViet=31187"
31168,"/CMSPages/BaiViet/Default.aspx?IDBaiViet=31168"
31140,"/CMSPages/BaiViet/Default.aspx?IDBaiViet=31140"
31133,"/CMSPages/BaiViet/Default.aspx?IDBaiViet=31133"
31113,"/CMSPages/BaiViet/Default.aspx?IDBaiViet=31113"
31110,"/CMSPages/BaiViet/Default.aspx?IDBaiViet=31110"
31063,"/CMSPages/BaiViet/Default.aspx?IDBaiViet=31063"
31052,"/CMSPages/BaiViet/Default.aspx?IDBaiViet=31052"
31049,"/CMSPages/BaiViet/Default.aspx?IDBaiViet=31049"
31047,"/CMSPages/BaiViet/Default.aspx?IDBaiViet=31047"
31043,"/CMSPages/BaiViet/Default.aspx?IDBaiViet=31043"
31004,"/CMSPages/BaiViet/Default.aspx?IDBaiViet=31004"
30991,"/CMSPages/BaiViet/Default.aspx?IDBaiViet=30991"
30923,"/CMSPages/BaiViet/Default.aspx?IDBaiViet=30923"
30893,"/CMSPages/BaiViet/Default.aspx?IDBaiViet=30893"
30890,"/CMSPages/BaiViet/Default.aspx?IDBaiViet=30890"
30858,"/CMSPages/BaiViet/Default.aspx?IDBaiViet=30858"
30845,"/CMSPages/BaiViet/Default.aspx?IDBaiViet=30845"
30766,"/CMSPages/BaiViet/Default.aspx?IDBaiViet=30766"
30754,"/CMSPages/BaiViet/Default.aspx?IDBaiViet=30754"
30753,"/CMSPages/BaiViet/Default.aspx?IDBaiViet=30753"
30736,"/CMSPages/BaiViet/Default.aspx?IDBaiViet=30736"
30628,"/CMSPages/BaiViet/Default.aspx?IDBaiViet=30628"
30549,"/CMSPages/BaiViet/Default.aspx?IDBaiViet=30549"
30515,"/CMSPages/BaiViet/Default.aspx?IDBaiViet=30515"
30504,"/CMSPages/BaiViet/Default.aspx?IDBaiViet=30504"
30501,"/CMSPages/BaiViet/Default.aspx?IDBaiViet=30501"
30483,"/CMSPages/BaiViet/Default.aspx?IDBaiViet=30483"
30460,"/CMSPages/BaiViet/Default.aspx?IDBaiViet=30460"
30452,"/CMSPages/BaiViet/Default.aspx?IDBaiViet=30452"
30436,"/CMSPages/BaiViet/Default.aspx?IDBaiViet=30436"
30403,"/CMSPages/BaiViet/Default.aspx?IDBaiViet=30403"
30385,"/CMSPages/BaiViet/Default.aspx?IDBaiViet=30385"
30375,"/CMSPages/BaiViet/Default.aspx?IDBaiViet=30375"
30372,"/CMSPages/BaiViet/Default.aspx?IDBaiViet=30372"
30343,"/CMSPages/BaiViet/Default.aspx?IDBaiViet=30343"
30322,"/CMSPages/BaiViet/Default.aspx?IDBaiViet=30322"
30315,"/CMSPages/BaiViet/Default.aspx?IDBaiViet=30315"
30287,"/CMSPages/BaiViet/Default.aspx?IDBaiViet=30287"
30268,"/CMSPages/BaiViet/Default.aspx?IDBaiViet=30268"
30239,"/CMSPages/BaiViet/Default.aspx?IDBaiViet=30239"
30202,"/CMSPages/BaiViet/Default.aspx?IDBaiViet=30202"
30195,"/CMSPages/BaiViet/Default.aspx?IDBaiViet=30195"
30183,"/CMSPages/BaiViet/Default.aspx?IDBaiViet=30183"
30145,"/CMSPages/BaiViet/Default.aspx?IDBaiViet=30145"
30109,"/CMSPages/BaiViet/Default.aspx?IDBaiViet=30109"
30093,"/CMSPages/BaiViet/Default.aspx?IDBaiViet=30093"
30059,"/CMSPages/BaiViet/Default.aspx?IDBaiViet=30059"
30048,"/CMSPages/BaiViet/Default.aspx?IDBaiViet=30048"
29971,"/CMSPages/BaiViet/Default.aspx?IDBaiViet=29971"
29961,"/CMSPages/BaiViet/Default.aspx?IDBaiViet=29961"
29762,"/CMSPages/BaiViet/Default.aspx?IDBaiViet=29762"
29710,"/CMSPages/BaiViet/Default.aspx?IDBaiViet=29710"
29683,"/CMSPages/BaiViet/Default.aspx?IDBaiViet=29683"
29661,"/CMSPages/BaiViet/Default.aspx?IDBaiViet=29661"
29633,"/CMSPages/BaiViet/Default.aspx?IDBaiViet=29633"
29570,"/CMSPages/BaiViet/Default.aspx?IDBaiViet=29570"
29542,"/CMSPages/BaiViet/Default.aspx?IDBaiViet=29542"
29535,"/CMSPages/BaiViet/Default.aspx?IDBaiViet=29535"
29520,"/CMSPages/BaiViet/Default.aspx?IDBaiViet=29520"
29518,"/CMSPages/BaiViet/Default.aspx?IDBaiViet=29518"
29517,"/CMSPages/BaiViet/Default.aspx?IDBaiViet=29517"
29495,"/CMSPages/BaiViet/Default.aspx?IDBaiViet=29495"
29406,"/CMSPages/BaiViet/Default.aspx?IDBaiViet=29406"
29401,"/CMSPages/BaiViet/Default.aspx?IDBaiViet=29401"
29371,"/CMSPages/BaiViet/Default.aspx?IDBaiViet=29371"
29355,"/CMSPages/BaiViet/Default.aspx?IDBaiViet=29355"
29354,"/CMSPages/BaiViet/Default.aspx?IDBaiViet=29354"
29345,"/CMSPages/BaiViet/Default.aspx?IDBaiViet=29345"
29273,"/CMSPages/BaiViet/Default.aspx?IDBaiViet=29273"
29272,"/CMSPages/BaiViet/Default.aspx?IDBaiViet=29272"
29235,"/CMSPages/BaiViet/Default.aspx?IDBaiViet=29235"
29231,"/CMSPages/BaiViet/Default.aspx?IDBaiViet=29231"
29215,"/CMSPages/BaiViet/Default.aspx?IDBaiViet=29215"
29198,"/CMSPages/BaiViet/Default.aspx?IDBaiViet=29198"
29193,"/CMSPages/BaiViet/Default.aspx?IDBaiViet=29193"
29190,"/CMSPages/BaiViet/Default.aspx?IDBaiViet=29190"
29129,"/CMSPages/BaiViet/Default.aspx?IDBaiViet=29129"
29120,"/CMSPages/BaiViet/Default.aspx?IDBaiViet=29120"
29118,"/CMSPages/BaiViet/Default.aspx?IDBaiViet=29118"
29106,"/CMSPages/BaiViet/Default.aspx?IDBaiViet=29106"
29049,"/CMSPages/BaiViet/Default.aspx?IDBaiViet=29049"
29017,"/CMSPages/BaiViet/Default.aspx?IDBaiViet=29017"
29002,"/CMSPages/BaiViet/Default.aspx?IDBaiViet=29002"
28967,"/CMSPages/BaiViet/Default.aspx?IDBaiViet=28967"
28953,"/CMSPages/BaiViet/Default.aspx?IDBaiViet=28953"
28890,"/CMSPages/BaiViet/Default.aspx?IDBaiViet=28890"
28799,"/CMSPages/BaiViet/Default.aspx?IDBaiViet=28799"
28765,"/CMSPages/BaiViet/Default.aspx?IDBaiViet=28765"
28739,"/CMSPages/BaiViet/Default.aspx?IDBaiViet=28739"
28682,"/CMSPages/BaiViet/Default.aspx?IDBaiViet=28682"
28656,"/CMSPages/BaiViet/Default.aspx?IDBaiViet=28656"
28652,"/CMSPages/BaiViet/Default.aspx?IDBaiViet=28652"
28606,"/CMSPages/BaiViet/Default.aspx?IDBaiViet=28606"
28559,"/CMSPages/BaiViet/Default.aspx?IDBaiViet=28559"
28536,"/CMSPages/BaiViet/Default.aspx?IDBaiViet=28536"
28510,"/CMSPages/BaiViet/Default.aspx?IDBaiViet=28510"
28432,"/CMSPages/BaiViet/Default.aspx?IDBaiViet=28432"
28430,"/CMSPages/BaiViet/Default.aspx?IDBaiViet=28430"
28415,"/CMSPages/BaiViet/Default.aspx?IDBaiViet=28415"
28406,"/CMSPages/BaiViet/Default.aspx?IDBaiViet=28406"
28377,"/CMSPages/BaiViet/Default.aspx?IDBaiViet=28377"
28375,"/CMSPages/BaiViet/Default.aspx?IDBaiViet=28375"
28333,"/CMSPages/BaiViet/Default.aspx?IDBaiViet=28333"
28261,"/CMSPages/BaiViet/Default.aspx?IDBaiViet=28261"
28235,"/CMSPages/BaiViet/Default.aspx?IDBaiViet=28235"
28219,"/CMSPages/BaiViet/Default.aspx?IDBaiViet=28219"
28200,"/CMSPages/BaiViet/Default.aspx?IDBaiViet=28200"
28199,"/CMSPages/BaiViet/Default.aspx?IDBaiViet=28199"
28188,"/CMSPages/BaiViet/Default.aspx?IDBaiViet=28188"
28179,"/CMSPages/BaiViet/Default.aspx?IDBaiViet=28179"
28123,"/CMSPages/BaiViet/Default.aspx?IDBaiViet=28123"
28119,"/CMSPages/BaiViet/Default.aspx?IDBaiViet=28119"
28117,"/CMSPages/BaiViet/Default.aspx?IDBaiViet=28117"
28105,"/CMSPages/BaiViet/Default.aspx?IDBaiViet=28105"
28104,"/CMSPages/BaiViet/Default.aspx?IDBaiViet=28104"
28100,"/CMSPages/BaiViet/Default.aspx?IDBaiViet=28100"
28097,"/CMSPages/BaiViet/Default.aspx?IDBaiViet=28097"
28089,"/CMSPages/BaiViet/Default.aspx?IDBaiViet=28089"
28088,"/CMSPages/BaiViet/Default.aspx?IDBaiViet=28088"
28083,"/CMSPages/BaiViet/Default.aspx?IDBaiViet=28083"
28009,"/CMSPages/BaiViet/Default.aspx?IDBaiViet=28009"
27873,"/CMSPages/BaiViet/Default.aspx?IDBaiViet=27873"
27828,"/CMSPages/BaiViet/Default.aspx?IDBaiViet=27828"
27673,"/CMSPages/BaiViet/Default.aspx?IDBaiViet=27673"
27655,"/CMSPages/BaiViet/Default.aspx?IDBaiViet=27655"
27628,"/CMSPages/BaiViet/Default.aspx?IDBaiViet=27628"
27623,"/CMSPages/BaiViet/Default.aspx?IDBaiViet=27623"
27598,"/CMSPages/BaiViet/Default.aspx?IDBaiViet=27598"
27544,"/CMSPages/BaiViet/Default.aspx?IDBaiViet=27544"
27482,"/CMSPages/BaiViet/Default.aspx?IDBaiViet=27482"
27478,"/CMSPages/BaiViet/Default.aspx?IDBaiViet=27478"
27475,"/CMSPages/BaiViet/Default.aspx?IDBaiViet=27475"
27348,"/CMSPages/BaiViet/Default.aspx?IDBaiViet=27348"
27341,"/CMSPages/BaiViet/Default.aspx?IDBaiViet=27341"
27340,"/CMSPages/BaiViet/Default.aspx?IDBaiViet=27340"
27321,"/CMSPages/BaiViet/Default.aspx?IDBaiViet=27321"
27272,"/CMSPages/BaiViet/Default.aspx?IDBaiViet=27272"
27185,"/CMSPages/BaiViet/Default.aspx?IDBaiViet=27185"
27181,"/CMSPages/BaiViet/Default.aspx?IDBaiViet=27181"
27177,"/CMSPages/BaiViet/Default.aspx?IDBaiViet=27177"
27118,"/CMSPages/BaiViet/Default.aspx?IDBaiViet=27118"
27111,"/CMSPages/BaiViet/Default.aspx?IDBaiViet=27111"
27077,"/CMSPages/BaiViet/Default.aspx?IDBaiViet=27077"
27021,"/CMSPages/BaiViet/Default.aspx?IDBaiViet=27021"
26890,"/CMSPages/BaiViet/Default.aspx?IDBaiViet=26890"
26887,"/CMSPages/BaiViet/Default.aspx?IDBaiViet=26887"
26842,"/CMSPages/BaiViet/Default.aspx?IDBaiViet=26842"
26812,"/CMSPages/BaiViet/Default.aspx?IDBaiViet=26812"
26793,"/CMSPages/BaiViet/Default.aspx?IDBaiViet=26793"
26781,"/CMSPages/BaiViet/Default.aspx?IDBaiViet=26781"
26653,"/CMSPages/BaiViet/Default.aspx?IDBaiViet=26653"
26628,"/CMSPages/BaiViet/Default.aspx?IDBaiViet=26628"
26606,"/CMSPages/BaiViet/Default.aspx?IDBaiViet=26606"
26602,"/CMSPages/BaiViet/Default.aspx?IDBaiViet=26602"
26593,"/CMSPages/BaiViet/Default.aspx?IDBaiViet=26593"
26479,"/CMSPages/BaiViet/Default.aspx?IDBaiViet=26479"
26434,"/CMSPages/BaiViet/Default.aspx?IDBaiViet=26434"
26405,"/CMSPages/BaiViet/Default.aspx?IDBaiViet=26405"
26383,"/CMSPages/BaiViet/Default.aspx?IDBaiViet=26383"
26368,"/CMSPages/BaiViet/Default.aspx?IDBaiViet=26368"
26366,"/CMSPages/BaiViet/Default.aspx?IDBaiViet=26366"
26349,"/CMSPages/BaiViet/Default.aspx?IDBaiViet=26349"
26313,"/CMSPages/BaiViet/Default.aspx?IDBaiViet=26313"
26312,"/CMSPages/BaiViet/Default.aspx?IDBaiViet=26312"
26300,"/CMSPages/BaiViet/Default.aspx?IDBaiViet=26300"
26251,"/CMSPages/BaiViet/Default.aspx?IDBaiViet=26251"
26230,"/CMSPages/BaiViet/Default.aspx?IDBaiViet=26230"
26227,"/CMSPages/BaiViet/Default.aspx?IDBaiViet=26227"
26185,"/CMSPages/BaiViet/Default.aspx?IDBaiViet=26185"
26183,"/CMSPages/BaiViet/Default.aspx?IDBaiViet=26183"
26175,"/CMSPages/BaiViet/Default.aspx?IDBaiViet=26175"
26115,"/CMSPages/BaiViet/Default.aspx?IDBaiViet=26115"
26106,"/CMSPages/BaiViet/Default.aspx?IDBaiViet=26106"
26049,"/CMSPages/BaiViet/Default.aspx?IDBaiViet=26049"
26028,"/CMSPages/BaiViet/Default.aspx?IDBaiViet=26028"
25987,"/CMSPages/BaiViet/Default.aspx?IDBaiViet=25987"
25975,"/CMSPages/BaiViet/Default.aspx?IDBaiViet=25975"
25971,"/CMSPages/BaiViet/Default.aspx?IDBaiViet=25971"
25939,"/CMSPages/BaiViet/Default.aspx?IDBaiViet=25939"
25936,"/CMSPages/BaiViet/Default.aspx?IDBaiViet=25936"
25935,"/CMSPages/BaiViet/Default.aspx?IDBaiViet=25935"
25934,"/CMSPages/BaiViet/Default.aspx?IDBaiViet=25934"
25933,"/CMSPages/BaiViet/Default.aspx?IDBaiViet=25933"
25932,"/CMSPages/BaiViet/Default.aspx?IDBaiViet=25932"
25931,"/CMSPages/BaiViet/Default.aspx?IDBaiViet=25931"
25930,"/CMSPages/BaiViet/Default.aspx?IDBaiViet=25930"
25927,"/CMSPages/BaiViet/Default.aspx?IDBaiViet=25927"
25926,"/CMSPages/BaiViet/Default.aspx?IDBaiViet=25926"
25922,"/CMSPages/BaiViet/Default.aspx?IDBaiViet=25922"
25921,"/CMSPages/BaiViet/Default.aspx?IDBaiViet=25921"
25918,"/CMSPages/BaiViet/Default.aspx?IDBaiViet=25918"
25917,"/CMSPages/BaiViet/Default.aspx?IDBaiViet=25917"
25916,"/CMSPages/BaiViet/Default.aspx?IDBaiViet=25916"
25914,"/CMSPages/BaiViet/Default.aspx?IDBaiViet=25914"
25913,"/CMSPages/BaiViet/Default.aspx?IDBaiViet=25913"
25911,"/CMSPages/BaiViet/Default.aspx?IDBaiViet=25911"
25907,"/CMSPages/BaiViet/Default.aspx?IDBaiViet=25907"
25904,"/CMSPages/BaiViet/Default.aspx?IDBaiViet=25904"
25903,"/CMSPages/BaiViet/Default.aspx?IDBaiViet=25903"
25902,"/CMSPages/BaiViet/Default.aspx?IDBaiViet=25902"
25901,"/CMSPages/BaiViet/Default.aspx?IDBaiViet=25901"
25899,"/CMSPages/BaiViet/Default.aspx?IDBaiViet=25899"
25898,"/CMSPages/BaiViet/Default.aspx?IDBaiViet=25898"
25833,"/CMSPages/BaiViet/Default.aspx?IDBaiViet=25833"
25693,"/CMSPages/BaiViet/Default.aspx?IDBaiViet=25693"
25644,"/CMSPages/BaiViet/Default.aspx?IDBaiViet=25644"
25543,"/CMSPages/BaiViet/Default.aspx?IDBaiViet=25543"
25534,"/CMSPages/BaiViet/Default.aspx?IDBaiViet=25534"
25488,"/CMSPages/BaiViet/Default.aspx?IDBaiViet=25488"
25471,"/CMSPages/BaiViet/Default.aspx?IDBaiViet=25471"
25462,"/CMSPages/BaiViet/Default.aspx?IDBaiViet=25462"
25453,"/CMSPages/BaiViet/Default.aspx?IDBaiViet=25453"
25409,"/CMSPages/BaiViet/Default.aspx?IDBaiViet=25409"
25404,"/CMSPages/BaiViet/Default.aspx?IDBaiViet=25404"
25398,"/CMSPages/BaiViet/Default.aspx?IDBaiViet=25398"
25394,"/CMSPages/BaiViet/Default.aspx?IDBaiViet=25394"
25245,"/CMSPages/BaiViet/Default.aspx?IDBaiViet=25245"
25240,"/CMSPages/BaiViet/Default.aspx?IDBaiViet=25240"
25236,"/CMSPages/BaiViet/Default.aspx?IDBaiViet=25236"
25226,"/CMSPages/BaiViet/Default.aspx?IDBaiViet=25226"
25213,"/CMSPages/BaiViet/Default.aspx?IDBaiViet=25213"
25209,"/CMSPages/BaiViet/Default.aspx?IDBaiViet=25209"
25194,"/CMSPages/BaiViet/Default.aspx?IDBaiViet=25194"
25190,"/CMSPages/BaiViet/Default.aspx?IDBaiViet=25190"
25184,"/CMSPages/BaiViet/Default.aspx?IDBaiViet=25184"
25179,"/CMSPages/BaiViet/Default.aspx?IDBaiViet=25179"
25093,"/CMSPages/BaiViet/Default.aspx?IDBaiViet=25093"
25073,"/CMSPages/BaiViet/Default.aspx?IDBaiViet=25073"
25053,"/CMSPages/BaiViet/Default.aspx?IDBaiViet=25053"
25044,"/CMSPages/BaiViet/Default.aspx?IDBaiViet=25044"
25024,"/CMSPages/BaiViet/Default.aspx?IDBaiViet=25024"
24952,"/CMSPages/BaiViet/Default.aspx?IDBaiViet=24952"
24864,"/CMSPages/BaiViet/Default.aspx?IDBaiViet=24864"
24861,"/CMSPages/BaiViet/Default.aspx?IDBaiViet=24861"
24830,"/CMSPages/BaiViet/Default.aspx?IDBaiViet=24830"
24805,"/CMSPages/BaiViet/Default.aspx?IDBaiViet=24805"
24775,"/CMSPages/BaiViet/Default.aspx?IDBaiViet=24775"
24758,"/CMSPages/BaiViet/Default.aspx?IDBaiViet=24758"
24752,"/CMSPages/BaiViet/Default.aspx?IDBaiViet=24752"
24750,"/CMSPages/BaiViet/Default.aspx?IDBaiViet=24750"
24738,"/CMSPages/BaiViet/Default.aspx?IDBaiViet=24738"
24701,"/CMSPages/BaiViet/Default.aspx?IDBaiViet=24701"
24689,"/CMSPages/BaiViet/Default.aspx?IDBaiViet=24689"
24646,"/CMSPages/BaiViet/Default.aspx?IDBaiViet=24646"
24632,"/CMSPages/BaiViet/Default.aspx?IDBaiViet=24632"
24605,"/CMSPages/BaiViet/Default.aspx?IDBaiViet=24605"
24601,"/CMSPages/BaiViet/Default.aspx?IDBaiViet=24601"
24599,"/CMSPages/BaiViet/Default.aspx?IDBaiViet=24599"
24596,"/CMSPages/BaiViet/Default.aspx?IDBaiViet=24596"
24580,"/CMSPages/BaiViet/Default.aspx?IDBaiViet=24580"
24521,"/CMSPages/BaiViet/Default.aspx?IDBaiViet=24521"
24516,"/CMSPages/BaiViet/Default.aspx?IDBaiViet=24516"
24477,"/CMSPages/BaiViet/Default.aspx?IDBaiViet=24477"
24455,"/CMSPages/BaiViet/Default.aspx?IDBaiViet=24455"
24432,"/CMSPages/BaiViet/Default.aspx?IDBaiViet=24432"
24415,"/CMSPages/BaiViet/Default.aspx?IDBaiViet=24415"
24298,"/CMSPages/BaiViet/Default.aspx?IDBaiViet=24298"
24281,"/CMSPages/BaiViet/Default.aspx?IDBaiViet=24281"
24268,"/CMSPages/BaiViet/Default.aspx?IDBaiViet=24268"
24266,"/CMSPages/BaiViet/Default.aspx?IDBaiViet=24266"
24264,"/CMSPages/BaiViet/Default.aspx?IDBaiViet=24264"
24132,"/CMSPages/BaiViet/Default.aspx?IDBaiViet=24132"
24113,"/CMSPages/BaiViet/Default.aspx?IDBaiViet=24113"
24058,"/CMSPages/BaiViet/Default.aspx?IDBaiViet=24058"
24041,"/CMSPages/BaiViet/Default.aspx?IDBaiViet=24041"
24037,"/CMSPages/BaiViet/Default.aspx?IDBaiViet=24037"
24028,"/CMSPages/BaiViet/Default.aspx?IDBaiViet=24028"
24007,"/CMSPages/BaiViet/Default.aspx?IDBaiViet=24007"
24004,"/CMSPages/BaiViet/Default.aspx?IDBaiViet=24004"
23994,"/CMSPages/BaiViet/Default.aspx?IDBaiViet=23994"
23962,"/CMSPages/BaiViet/Default.aspx?IDBaiViet=23962"
23960,"/CMSPages/BaiViet/Default.aspx?IDBaiViet=23960"
23677,"/CMSPages/BaiViet/Default.aspx?IDBaiViet=23677"
23675,"/CMSPages/BaiViet/Default.aspx?IDBaiViet=23675"
23673,"/CMSPages/BaiViet/Default.aspx?IDBaiViet=23673"
23664,"/CMSPages/BaiViet/Default.aspx?IDBaiViet=23664"
23599,"/CMSPages/BaiViet/Default.aspx?IDBaiViet=23599"
23572,"/CMSPages/BaiViet/Default.aspx?IDBaiViet=23572"
23532,"/CMSPages/BaiViet/Default.aspx?IDBaiViet=23532"
23480,"/CMSPages/BaiViet/Default.aspx?IDBaiViet=23480"
23285,"/CMSPages/BaiViet/Default.aspx?IDBaiViet=23285"
23263,"/CMSPages/BaiViet/Default.aspx?IDBaiViet=23263"
23261,"/CMSPages/BaiViet/Default.aspx?IDBaiViet=23261"
23255,"/CMSPages/BaiViet/Default.aspx?IDBaiViet=23255"
23253,"/CMSPages/BaiViet/Default.aspx?IDBaiViet=23253"
23159,"/CMSPages/BaiViet/Default.aspx?IDBaiViet=23159"
23150,"/CMSPages/BaiViet/Default.aspx?IDBaiViet=23150"
22981,"/CMSPages/BaiViet/Default.aspx?IDBaiViet=22981"
22977,"/CMSPages/BaiViet/Default.aspx?IDBaiViet=22977"
22945,"/CMSPages/BaiViet/Default.aspx?IDBaiViet=22945"
22873,"/CMSPages/BaiViet/Default.aspx?IDBaiViet=22873"
22847,"/CMSPages/BaiViet/Default.aspx?IDBaiViet=22847"
22842,"/CMSPages/BaiViet/Default.aspx?IDBaiViet=22842"
22826,"/CMSPages/BaiViet/Default.aspx?IDBaiViet=22826"
22794,"/CMSPages/BaiViet/Default.aspx?IDBaiViet=22794"
22793,"/CMSPages/BaiViet/Default.aspx?IDBaiViet=22793"
22792,"/CMSPages/BaiViet/Default.aspx?IDBaiViet=22792"
22779,"/CMSPages/BaiViet/Default.aspx?IDBaiViet=22779"
22778,"/CMSPages/BaiViet/Default.aspx?IDBaiViet=22778"
22726,"/CMSPages/BaiViet/Default.aspx?IDBaiViet=22726"
22708,"/CMSPages/BaiViet/Default.aspx?IDBaiViet=22708"
22706,"/CMSPages/BaiViet/Default.aspx?IDBaiViet=22706"
22638,"/CMSPages/BaiViet/Default.aspx?IDBaiViet=22638"
22622,"/CMSPages/BaiViet/Default.aspx?IDBaiViet=22622"
22596,"/CMSPages/BaiViet/Default.aspx?IDBaiViet=22596"
22569,"/CMSPages/BaiViet/Default.aspx?IDBaiViet=22569"
22567,"/CMSPages/BaiViet/Default.aspx?IDBaiViet=22567"
22555,"/CMSPages/BaiViet/Default.aspx?IDBaiViet=22555"
22540,"/CMSPages/BaiViet/Default.aspx?IDBaiViet=22540"
22534,"/CMSPages/BaiViet/Default.aspx?IDBaiViet=22534"
22530,"/CMSPages/BaiViet/Default.aspx?IDBaiViet=22530"
22528,"/CMSPages/BaiViet/Default.aspx?IDBaiViet=22528"
22524,"/CMSPages/BaiViet/Default.aspx?IDBaiViet=22524"
22473,"/CMSPages/BaiViet/Default.aspx?IDBaiViet=22473"
22417,"/CMSPages/BaiViet/Default.aspx?IDBaiViet=22417"
22338,"/CMSPages/BaiViet/Default.aspx?IDBaiViet=22338"
22278,"/CMSPages/BaiViet/Default.aspx?IDBaiViet=22278"
22266,"/CMSPages/BaiViet/Default.aspx?IDBaiViet=22266"
22189,"/CMSPages/BaiViet/Default.aspx?IDBaiViet=22189"
22180,"/CMSPages/BaiViet/Default.aspx?IDBaiViet=22180"
22175,"/CMSPages/BaiViet/Default.aspx?IDBaiViet=22175"
22072,"/CMSPages/BaiViet/Default.aspx?IDBaiViet=22072"
22040,"/CMSPages/BaiViet/Default.aspx?IDBaiViet=22040"
21904,"/CMSPages/BaiViet/Default.aspx?IDBaiViet=21904"
21737,"/CMSPages/BaiViet/Default.aspx?IDBaiViet=21737"
21730,"/CMSPages/BaiViet/Default.aspx?IDBaiViet=21730"
21697,"/CMSPages/BaiViet/Default.aspx?IDBaiViet=21697"
21669,"/CMSPages/BaiViet/Default.aspx?IDBaiViet=21669"
21668,"/CMSPages/BaiViet/Default.aspx?IDBaiViet=21668"
21665,"/CMSPages/BaiViet/Default.aspx?IDBaiViet=21665"
21648,"/CMSPages/BaiViet/Default.aspx?IDBaiViet=21648"
21624,"/CMSPages/BaiViet/Default.aspx?IDBaiViet=21624"
21623,"/CMSPages/BaiViet/Default.aspx?IDBaiViet=21623"
21620,"/CMSPages/BaiViet/Default.aspx?IDBaiViet=21620"
21619,"/CMSPages/BaiViet/Default.aspx?IDBaiViet=21619"
21609,"/CMSPages/BaiViet/Default.aspx?IDBaiViet=21609"
21608,"/CMSPages/BaiViet/Default.aspx?IDBaiViet=21608"
21601,"/CMSPages/BaiViet/Default.aspx?IDBaiViet=21601"
21599,"/CMSPages/BaiViet/Default.aspx?IDBaiViet=21599"
21596,"/CMSPages/BaiViet/Default.aspx?IDBaiViet=21596"
21595,"/CMSPages/BaiViet/Default.aspx?IDBaiViet=21595"
21554,"/CMSPages/BaiViet/Default.aspx?IDBaiViet=21554"
21549,"/CMSPages/BaiViet/Default.aspx?IDBaiViet=21549"
21548,"/CMSPages/BaiViet/Default.aspx?IDBaiViet=21548"
21540,"/CMSPages/BaiViet/Default.aspx?IDBaiViet=21540"
21493,"/CMSPages/BaiViet/Default.aspx?IDBaiViet=21493"
21434,"/CMSPages/BaiViet/Default.aspx?IDBaiViet=21434"
21432,"/CMSPages/BaiViet/Default.aspx?IDBaiViet=21432"
21400,"/CMSPages/BaiViet/Default.aspx?IDBaiViet=21400"
21335,"/CMSPages/BaiViet/Default.aspx?IDBaiViet=21335"
21324,"/CMSPages/BaiViet/Default.aspx?IDBaiViet=21324"
21298,"/CMSPages/BaiViet/Default.aspx?IDBaiViet=21298"
21279,"/CMSPages/BaiViet/Default.aspx?IDBaiViet=21279"
21277,"/CMSPages/BaiViet/Default.aspx?IDBaiViet=21277"
21273,"/CMSPages/BaiViet/Default.aspx?IDBaiViet=21273"
21272,"/CMSPages/BaiViet/Default.aspx?IDBaiViet=21272"
21266,"/CMSPages/BaiViet/Default.aspx?IDBaiViet=21266"
21264,"/CMSPages/BaiViet/Default.aspx?IDBaiViet=21264"
21260,"/CMSPages/BaiViet/Default.aspx?IDBaiViet=21260"
21223,"/CMSPages/BaiViet/Default.aspx?IDBaiViet=21223"
21185,"/CMSPages/BaiViet/Default.aspx?IDBaiViet=21185"
21182,"/CMSPages/BaiViet/Default.aspx?IDBaiViet=21182"
21148,"/CMSPages/BaiViet/Default.aspx?IDBaiViet=21148"
21131,"/CMSPages/BaiViet/Default.aspx?IDBaiViet=21131"
21077,"/CMSPages/BaiViet/Default.aspx?IDBaiViet=21077"
21064,"/CMSPages/BaiViet/Default.aspx?IDBaiViet=21064"
20974,"/CMSPages/BaiViet/Default.aspx?IDBaiViet=20974"
20910,"/CMSPages/BaiViet/Default.aspx?IDBaiViet=20910"
20857,"/CMSPages/BaiViet/Default.aspx?IDBaiViet=20857"
20852,"/CMSPages/BaiViet/Default.aspx?IDBaiViet=20852"
20841,"/CMSPages/BaiViet/Default.aspx?IDBaiViet=20841"
20764,"/CMSPages/BaiViet/Default.aspx?IDBaiViet=20764"
20711,"/CMSPages/BaiViet/Default.aspx?IDBaiViet=20711"
20694,"/CMSPages/BaiViet/Default.aspx?IDBaiViet=20694"
20688,"/CMSPages/BaiViet/Default.aspx?IDBaiViet=20688"
20675,"/CMSPages/BaiViet/Default.aspx?IDBaiViet=20675"
20644,"/CMSPages/BaiViet/Default.aspx?IDBaiViet=20644"
20587,"/CMSPages/BaiViet/Default.aspx?IDBaiViet=20587"
20495,"/CMSPages/BaiViet/Default.aspx?IDBaiViet=20495"
20422,"/CMSPages/BaiViet/Default.aspx?IDBaiViet=20422"
20415,"/CMSPages/BaiViet/Default.aspx?IDBaiViet=20415"
20287,"/CMSPages/BaiViet/Default.aspx?IDBaiViet=20287"
20254,"/CMSPages/BaiViet/Default.aspx?IDBaiViet=20254"
20247,"/CMSPages/BaiViet/Default.aspx?IDBaiViet=20247"
20183,"/CMSPages/BaiViet/Default.aspx?IDBaiViet=20183"
20146,"/CMSPages/BaiViet/Default.aspx?IDBaiViet=20146"
20021,"/CMSPages/BaiViet/Default.aspx?IDBaiViet=20021"
19928,"/CMSPages/BaiViet/Default.aspx?IDBaiViet=19928"
19786,"/CMSPages/BaiViet/Default.aspx?IDBaiViet=19786"
19723,"/CMSPages/BaiViet/Default.aspx?IDBaiViet=19723"
19701,"/CMSPages/BaiViet/Default.aspx?IDBaiViet=19701"
19640,"/CMSPages/BaiViet/Default.aspx?IDBaiViet=19640"
19535,"/CMSPages/BaiViet/Default.aspx?IDBaiViet=19535"
19461,"/CMSPages/BaiViet/Default.aspx?IDBaiViet=19461"
19351,"/CMSPages/BaiViet/Default.aspx?IDBaiViet=19351"
19334,"/CMSPages/BaiViet/Default.aspx?IDBaiViet=19334"
19248,"/CMSPages/BaiViet/Default.aspx?IDBaiViet=19248"
19221,"/CMSPages/BaiViet/Default.aspx?IDBaiViet=19221"
19167,"/CMSPages/BaiViet/Default.aspx?IDBaiViet=19167"
19160,"/CMSPages/BaiViet/Default.aspx?IDBaiViet=19160"
19138,"/CMSPages/BaiViet/Default.aspx?IDBaiViet=19138"
19129,"/CMSPages/BaiViet/Default.aspx?IDBaiViet=19129"
19128,"/CMSPages/BaiViet/Default.aspx?IDBaiViet=19128"
19127,"/CMSPages/BaiViet/Default.aspx?IDBaiViet=19127"
19069,"/CMSPages/BaiViet/Default.aspx?IDBaiViet=19069"
19058,"/CMSPages/BaiViet/Default.aspx?IDBaiViet=19058"
19052,"/CMSPages/BaiViet/Default.aspx?IDBaiViet=19052"
19048,"/CMSPages/BaiViet/Default.aspx?IDBaiViet=19048"
19040,"/CMSPages/BaiViet/Default.aspx?IDBaiViet=19040"
19029,"/CMSPages/BaiViet/Default.aspx?IDBaiViet=19029"
19023,"/CMSPages/BaiViet/Default.aspx?IDBaiViet=19023"
19019,"/CMSPages/BaiViet/Default.aspx?IDBaiViet=19019"
19013,"/CMSPages/BaiViet/Default.aspx?IDBaiViet=19013"
19011,"/CMSPages/BaiViet/Default.aspx?IDBaiViet=19011"
19005,"/CMSPages/BaiViet/Default.aspx?IDBaiViet=19005"
18992,"/CMSPages/BaiViet/Default.aspx?IDBaiViet=18992"
18987,"/CMSPages/BaiViet/Default.aspx?IDBaiViet=18987"
18985,"/CMSPages/BaiViet/Default.aspx?IDBaiViet=18985"
18983,"/CMSPages/BaiViet/Default.aspx?IDBaiViet=18983"
18977,"/CMSPages/BaiViet/Default.aspx?IDBaiViet=18977"
18835,"/CMSPages/BaiViet/Default.aspx?IDBaiViet=18835"
18825,"/CMSPages/BaiViet/Default.aspx?IDBaiViet=18825"
18784,"/CMSPages/BaiViet/Default.aspx?IDBaiViet=18784"
18691,"/CMSPages/BaiViet/Default.aspx?IDBaiViet=18691"
18631,"/CMSPages/BaiViet/Default.aspx?IDBaiViet=18631"
18564,"/CMSPages/BaiViet/Default.aspx?IDBaiViet=18564"
18524,"/CMSPages/BaiViet/Default.aspx?IDBaiViet=18524"
18515,"/CMSPages/BaiViet/Default.aspx?IDBaiViet=18515"
18451,"/CMSPages/BaiViet/Default.aspx?IDBaiViet=18451"
18441,"/CMSPages/BaiViet/Default.aspx?IDBaiViet=18441"
18437,"/CMSPages/BaiViet/Default.aspx?IDBaiViet=18437"
18435,"/CMSPages/BaiViet/Default.aspx?IDBaiViet=18435"
18432,"/CMSPages/BaiViet/Default.aspx?IDBaiViet=18432"
18431,"/CMSPages/BaiViet/Default.aspx?IDBaiViet=18431"
18430,"/CMSPages/BaiViet/Default.aspx?IDBaiViet=18430"
18409,"/CMSPages/BaiViet/Default.aspx?IDBaiViet=18409"
18384,"/CMSPages/BaiViet/Default.aspx?IDBaiViet=18384"
18382,"/CMSPages/BaiViet/Default.aspx?IDBaiViet=18382"
18381,"/CMSPages/BaiViet/Default.aspx?IDBaiViet=18381"
18380,"/CMSPages/BaiViet/Default.aspx?IDBaiViet=18380"
18379,"/CMSPages/BaiViet/Default.aspx?IDBaiViet=18379"
18378,"/CMSPages/BaiViet/Default.aspx?IDBaiViet=18378"
18377,"/CMSPages/BaiViet/Default.aspx?IDBaiViet=18377"
18376,"/CMSPages/BaiViet/Default.aspx?IDBaiViet=18376"
18372,"/CMSPages/BaiViet/Default.aspx?IDBaiViet=18372"
18332,"/CMSPages/BaiViet/Default.aspx?IDBaiViet=18332"
18328,"/CMSPages/BaiViet/Default.aspx?IDBaiViet=18328"
18311,"/CMSPages/BaiViet/Default.aspx?IDBaiViet=18311"
18310,"/CMSPages/BaiViet/Default.aspx?IDBaiViet=18310"
18309,"/CMSPages/BaiViet/Default.aspx?IDBaiViet=18309"
18307,"/CMSPages/BaiViet/Default.aspx?IDBaiViet=18307"
18299,"/CMSPages/BaiViet/Default.aspx?IDBaiViet=18299"
18297,"/CMSPages/BaiViet/Default.aspx?IDBaiViet=18297"
18296,"/CMSPages/BaiViet/Default.aspx?IDBaiViet=18296"
18294,"/CMSPages/BaiViet/Default.aspx?IDBaiViet=18294"
18292,"/CMSPages/BaiViet/Default.aspx?IDBaiViet=18292"
18290,"/CMSPages/BaiViet/Default.aspx?IDBaiViet=18290"
18288,"/CMSPages/BaiViet/Default.aspx?IDBaiViet=18288"
18287,"/CMSPages/BaiViet/Default.aspx?IDBaiViet=18287"
18286,"/CMSPages/BaiViet/Default.aspx?IDBaiViet=18286"
18285,"/CMSPages/BaiViet/Default.aspx?IDBaiViet=18285"
18210,"/CMSPages/BaiViet/Default.aspx?IDBaiViet=18210"
18096,"/CMSPages/BaiViet/Default.aspx?IDBaiViet=18096"
18056,"/CMSPages/BaiViet/Default.aspx?IDBaiViet=18056"
18026,"/CMSPages/BaiViet/Default.aspx?IDBaiViet=18026"
18020,"/CMSPages/BaiViet/Default.aspx?IDBaiViet=18020"
18017,"/CMSPages/BaiViet/Default.aspx?IDBaiViet=18017"
18014,"/CMSPages/BaiViet/Default.aspx?IDBaiViet=18014"
18013,"/CMSPages/BaiViet/Default.aspx?IDBaiViet=18013"
18012,"/CMSPages/BaiViet/Default.aspx?IDBaiViet=18012"
17999,"/CMSPages/BaiViet/Default.aspx?IDBaiViet=17999"
17944,"/CMSPages/BaiViet/Default.aspx?IDBaiViet=17944"
17820,"/CMSPages/BaiViet/Default.aspx?IDBaiViet=17820"
17768,"/CMSPages/BaiViet/Default.aspx?IDBaiViet=17768"
17748,"/CMSPages/BaiViet/Default.aspx?IDBaiViet=17748"
17737,"/CMSPages/BaiViet/Default.aspx?IDBaiViet=17737"
17689,"/CMSPages/BaiViet/Default.aspx?IDBaiViet=17689"
17679,"/CMSPages/BaiViet/Default.aspx?IDBaiViet=17679"
17658,"/CMSPages/BaiViet/Default.aspx?IDBaiViet=17658"
17535,"/CMSPages/BaiViet/Default.aspx?IDBaiViet=17535"
17527,"/CMSPages/BaiViet/Default.aspx?IDBaiViet=17527"
17496,"/CMSPages/BaiViet/Default.aspx?IDBaiViet=17496"
17325,"/CMSPages/BaiViet/Default.aspx?IDBaiViet=17325"
17305,"/CMSPages/BaiViet/Default.aspx?IDBaiViet=17305"
17302,"/CMSPages/BaiViet/Default.aspx?IDBaiViet=17302"
17300,"/CMSPages/BaiViet/Default.aspx?IDBaiViet=17300"
17291,"/CMSPages/BaiViet/Default.aspx?IDBaiViet=17291"
17289,"/CMSPages/BaiViet/Default.aspx?IDBaiViet=17289"
17226,"/CMSPages/BaiViet/Default.aspx?IDBaiViet=17226"
17153,"/CMSPages/BaiViet/Default.aspx?IDBaiViet=17153"
17141,"/CMSPages/BaiViet/Default.aspx?IDBaiViet=17141"
17122,"/CMSPages/BaiViet/Default.aspx?IDBaiViet=17122"
17101,"/CMSPages/BaiViet/Default.aspx?IDBaiViet=17101"
17096,"/CMSPages/BaiViet/Default.aspx?IDBaiViet=17096"
17013,"/CMSPages/BaiViet/Default.aspx?IDBaiViet=17013"
17012,"/CMSPages/BaiViet/Default.aspx?IDBaiViet=17012"
17010,"/CMSPages/BaiViet/Default.aspx?IDBaiViet=17010"
16948,"/CMSPages/BaiViet/Default.aspx?IDBaiViet=16948"
16908,"/CMSPages/BaiViet/Default.aspx?IDBaiViet=16908"
16885,"/CMSPages/BaiViet/Default.aspx?IDBaiViet=16885"
16861,"/CMSPages/BaiViet/Default.aspx?IDBaiViet=16861"
16821,"/CMSPages/BaiViet/Default.aspx?IDBaiViet=16821"
16807,"/CMSPages/BaiViet/Default.aspx?IDBaiViet=16807"
16797,"/CMSPages/BaiViet/Default.aspx?IDBaiViet=16797"
16688,"/CMSPages/BaiViet/Default.aspx?IDBaiViet=16688"
16677,"/CMSPages/BaiViet/Default.aspx?IDBaiViet=16677"
16671,"/CMSPages/BaiViet/Default.aspx?IDBaiViet=16671"
16632,"/CMSPages/BaiViet/Default.aspx?IDBaiViet=16632"
16614,"/CMSPages/BaiViet/Default.aspx?IDBaiViet=16614"
16455,"/CMSPages/BaiViet/Default.aspx?IDBaiViet=16455"
16453,"/CMSPages/BaiViet/Default.aspx?IDBaiViet=16453"
16451,"/CMSPages/BaiViet/Default.aspx?IDBaiViet=16451"
16450,"/CMSPages/BaiViet/Default.aspx?IDBaiViet=16450"
16447,"/CMSPages/BaiViet/Default.aspx?IDBaiViet=16447"
16426,"/CMSPages/BaiViet/Default.aspx?IDBaiViet=16426"
16424,"/CMSPages/BaiViet/Default.aspx?IDBaiViet=16424"
16416,"/CMSPages/BaiViet/Default.aspx?IDBaiViet=16416"
16418,"/CMSPages/BaiViet/Default.aspx?IDBaiViet=16418"
16411,"/CMSPages/BaiViet/Default.aspx?IDBaiViet=16411"
16363,"/CMSPages/BaiViet/Default.aspx?IDBaiViet=16363"
16325,"/CMSPages/BaiViet/Default.aspx?IDBaiViet=16325"
16237,"/CMSPages/BaiViet/Default.aspx?IDBaiViet=16237"
16229,"/CMSPages/BaiViet/Default.aspx?IDBaiViet=16229"
16206,"/CMSPages/BaiViet/Default.aspx?IDBaiViet=16206"
16155,"/CMSPages/BaiViet/Default.aspx?IDBaiViet=16155"
16111,"/CMSPages/BaiViet/Default.aspx?IDBaiViet=16111"
16105,"/CMSPages/BaiViet/Default.aspx?IDBaiViet=16105"
16084,"/CMSPages/BaiViet/Default.aspx?IDBaiViet=16084"
15962,"/CMSPages/BaiViet/Default.aspx?IDBaiViet=15962"
15957,"/CMSPages/BaiViet/Default.aspx?IDBaiViet=15957"
15921,"/CMSPages/BaiViet/Default.aspx?IDBaiViet=15921"
15914,"/CMSPages/BaiViet/Default.aspx?IDBaiViet=15914"
15906,"/CMSPages/BaiViet/Default.aspx?IDBaiViet=15906"
15897,"/CMSPages/BaiViet/Default.aspx?IDBaiViet=15897"
15704,"/CMSPages/BaiViet/Default.aspx?IDBaiViet=15704"
15701,"/CMSPages/BaiViet/Default.aspx?IDBaiViet=15701"
15699,"/CMSPages/BaiViet/Default.aspx?IDBaiViet=15699"
15698,"/CMSPages/BaiViet/Default.aspx?IDBaiViet=15698"
15630,"/CMSPages/BaiViet/Default.aspx?IDBaiViet=15630"
15620,"/CMSPages/BaiViet/Default.aspx?IDBaiViet=15620"
15539,"/CMSPages/BaiViet/Default.aspx?IDBaiViet=15539"
15428,"/CMSPages/BaiViet/Default.aspx?IDBaiViet=15428"
15420,"/CMSPages/BaiViet/Default.aspx?IDBaiViet=15420"
15419,"/CMSPages/BaiViet/Default.aspx?IDBaiViet=15419"
15417,"/CMSPages/BaiViet/Default.aspx?IDBaiViet=15417"
15344,"/CMSPages/BaiViet/Default.aspx?IDBaiViet=15344"
15314,"/CMSPages/BaiViet/Default.aspx?IDBaiViet=15314"
15311,"/CMSPages/BaiViet/Default.aspx?IDBaiViet=15311"
14897,"/CMSPages/BaiViet/Default.aspx?IDBaiViet=14897"
14863,"/CMSPages/BaiViet/Default.aspx?IDBaiViet=14863"
14709,"/CMSPages/BaiViet/Default.aspx?IDBaiViet=14709"
14549,"/CMSPages/BaiViet/Default.aspx?IDBaiViet=14549"
14492,"/CMSPages/BaiViet/Default.aspx?IDBaiViet=14492"
14317,"/CMSPages/BaiViet/Default.aspx?IDBaiViet=14317"
14237,"/CMSPages/BaiViet/Default.aspx?IDBaiViet=14237"
14220,"/CMSPages/BaiViet/Default.aspx?IDBaiViet=14220"
14003,"/CMSPages/BaiViet/Default.aspx?IDBaiViet=14003"
13946,"/CMSPages/BaiViet/Default.aspx?IDBaiViet=13946"
13938,"/CMSPages/BaiViet/Default.aspx?IDBaiViet=13938"
13903,"/CMSPages/BaiViet/Default.aspx?IDBaiViet=13903"
13862,"/CMSPages/BaiViet/Default.aspx?IDBaiViet=13862"
13784,"/CMSPages/BaiViet/Default.aspx?IDBaiViet=13784"
13732,"/CMSPages/BaiViet/Default.aspx?IDBaiViet=13732"
13654,"/CMSPages/BaiViet/Default.aspx?IDBaiViet=13654"
13652,"/CMSPages/BaiViet/Default.aspx?IDBaiViet=13652"
13528,"/CMSPages/BaiViet/Default.aspx?IDBaiViet=13528"
13452,"/CMSPages/BaiViet/Default.aspx?IDBaiViet=13452"
13396,"/CMSPages/BaiViet/Default.aspx?IDBaiViet=13396"
13348,"/CMSPages/BaiViet/Default.aspx?IDBaiViet=13348"
13281,"/CMSPages/BaiViet/Default.aspx?IDBaiViet=13281"
13150,"/CMSPages/BaiViet/Default.aspx?IDBaiViet=13150"
13089,"/CMSPages/BaiViet/Default.aspx?IDBaiViet=13089"
12782,"/CMSPages/BaiViet/Default.aspx?IDBaiViet=12782"
12744,"/CMSPages/BaiViet/Default.aspx?IDBaiViet=12744"
12683,"/CMSPages/BaiViet/Default.aspx?IDBaiViet=12683"
12677,"/CMSPages/BaiViet/Default.aspx?IDBaiViet=12677"
12668,"/CMSPages/BaiViet/Default.aspx?IDBaiViet=12668"
12480,"/CMSPages/BaiViet/Default.aspx?IDBaiViet=12480"
12469,"/CMSPages/BaiViet/Default.aspx?IDBaiViet=12469"
12400,"/CMSPages/BaiViet/Default.aspx?IDBaiViet=12400"
12382,"/CMSPages/BaiViet/Default.aspx?IDBaiViet=12382"
12377,"/CMSPages/BaiViet/Default.aspx?IDBaiViet=12377"
12375,"/CMSPages/BaiViet/Default.aspx?IDBaiViet=12375"
12371,"/CMSPages/BaiViet/Default.aspx?IDBaiViet=12371"
12369,"/CMSPages/BaiViet/Default.aspx?IDBaiViet=12369"
12273,"/CMSPages/BaiViet/Default.aspx?IDBaiViet=12273"
12109,"/CMSPages/BaiViet/Default.aspx?IDBaiViet=12109"
12105,"/CMSPages/BaiViet/Default.aspx?IDBaiViet=12105"
12099,"/CMSPages/BaiViet/Default.aspx?IDBaiViet=12099"
12005,"/CMSPages/BaiViet/Default.aspx?IDBaiViet=12005"
11932,"/CMSPages/BaiViet/Default.aspx?IDBaiViet=11932"
11810,"/CMSPages/BaiViet/Default.aspx?IDBaiViet=11810"
11706,"/CMSPages/BaiViet/Default.aspx?IDBaiViet=11706"
11649,"/CMSPages/BaiViet/Default.aspx?IDBaiViet=11649"
11511,"/CMSPages/BaiViet/Default.aspx?IDBaiViet=11511"
11451,"/CMSPages/BaiViet/Default.aspx?IDBaiViet=11451"
11449,"/CMSPages/BaiViet/Default.aspx?IDBaiViet=11449"
11287,"/CMSPages/BaiViet/Default.aspx?IDBaiViet=11287"
11272,"/CMSPages/BaiViet/Default.aspx?IDBaiViet=11272"
11174,"/CMSPages/BaiViet/Default.aspx?IDBaiViet=11174"
11148,"/CMSPages/BaiViet/Default.aspx?IDBaiViet=11148"
11145,"/CMSPages/BaiViet/Default.aspx?IDBaiViet=11145"
11095,"/CMSPages/BaiViet/Default.aspx?IDBaiViet=11095"
10915,"/CMSPages/BaiViet/Default.aspx?IDBaiViet=10915"
10813,"/CMSPages/BaiViet/Default.aspx?IDBaiViet=10813"
10551,"/CMSPages/BaiViet/Default.aspx?IDBaiViet=10551"
10547,"/CMSPages/BaiViet/Default.aspx?IDBaiViet=10547"
10402,"/CMSPages/BaiViet/Default.aspx?IDBaiViet=10402"
10400,"/CMSPages/BaiViet/Default.aspx?IDBaiViet=10400"
10397,"/CMSPages/BaiViet/Default.aspx?IDBaiViet=10397"
10292,"/CMSPages/BaiViet/Default.aspx?IDBaiViet=10292"
10178,"/CMSPages/BaiViet/Default.aspx?IDBaiViet=10178"
9979,"/CMSPages/BaiViet/Default.aspx?IDBaiViet=9979"
9944,"/CMSPages/BaiViet/Default.aspx?IDBaiViet=9944"
9943,"/CMSPages/BaiViet/Default.aspx?IDBaiViet=9943"
9937,"/CMSPages/BaiViet/Default.aspx?IDBaiViet=9937"
9894,"/CMSPages/BaiViet/Default.aspx?IDBaiViet=9894"
9864,"/CMSPages/BaiViet/Default.aspx?IDBaiViet=9864"
9861,"/CMSPages/BaiViet/Default.aspx?IDBaiViet=9861"
9789,"/CMSPages/BaiViet/Default.aspx?IDBaiViet=9789"
9776,"/CMSPages/BaiViet/Default.aspx?IDBaiViet=9776"
9700,"/CMSPages/BaiViet/Default.aspx?IDBaiViet=9700"
9648,"/CMSPages/BaiViet/Default.aspx?IDBaiViet=9648"
9278,"/CMSPages/BaiViet/Default.aspx?IDBaiViet=9278"
9224,"/CMSPages/BaiViet/Default.aspx?IDBaiViet=9224"
9040,"/CMSPages/BaiViet/Default.aspx?IDBaiViet=9040"
9028,"/CMSPages/BaiViet/Default.aspx?IDBaiViet=9028"
9027,"/CMSPages/BaiViet/Default.aspx?IDBaiViet=9027"
8709,"/CMSPages/BaiViet/Default.aspx?IDBaiViet=8709"
8663,"/CMSPages/BaiViet/Default.aspx?IDBaiViet=8663"
8564,"/CMSPages/BaiViet/Default.aspx?IDBaiViet=8564"
8513,"/CMSPages/BaiViet/Default.aspx?IDBaiViet=8513"
8504,"/CMSPages/BaiViet/Default.aspx?IDBaiViet=8504"
8502,"/CMSPages/BaiViet/Default.aspx?IDBaiViet=8502"
8462,"/CMSPages/BaiViet/Default.aspx?IDBaiViet=8462"
8271,"/CMSPages/BaiViet/Default.aspx?IDBaiViet=8271"
8245,"/CMSPages/BaiViet/Default.aspx?IDBaiViet=8245"
8216,"/CMSPages/BaiViet/Default.aspx?IDBaiViet=8216"
8100,"/CMSPages/BaiViet/Default.aspx?IDBaiViet=8100"
8045,"/CMSPages/BaiViet/Default.aspx?IDBaiViet=8045"
7968,"/CMSPages/BaiViet/Default.aspx?IDBaiViet=7968"
7949,"/CMSPages/BaiViet/Default.aspx?IDBaiViet=7949"
7912,"/CMSPages/BaiViet/Default.aspx?IDBaiViet=7912"
7875,"/CMSPages/BaiViet/Default.aspx?IDBaiViet=7875"
7833,"/CMSPages/BaiViet/Default.aspx?IDBaiViet=7833"
7718,"/CMSPages/BaiViet/Default.aspx?IDBaiViet=7718"
7672,"/CMSPages/BaiViet/Default.aspx?IDBaiViet=7672"
7565,"/CMSPages/BaiViet/Default.aspx?IDBaiViet=7565"
7563,"/CMSPages/BaiViet/Default.aspx?IDBaiViet=7563"
7561,"/CMSPages/BaiViet/Default.aspx?IDBaiViet=7561"
7503,"/CMSPages/BaiViet/Default.aspx?IDBaiViet=7503"
7401,"/CMSPages/BaiViet/Default.aspx?IDBaiViet=7401"
7370,"/CMSPages/BaiViet/Default.aspx?IDBaiViet=7370"
7320,"/CMSPages/BaiViet/Default.aspx?IDBaiViet=7320"
7290,"/CMSPages/BaiViet/Default.aspx?IDBaiViet=7290"
7094,"/CMSPages/BaiViet/Default.aspx?IDBaiViet=7094"
7064,"/CMSPages/BaiViet/Default.aspx?IDBaiViet=7064"
6955,"/CMSPages/BaiViet/Default.aspx?IDBaiViet=6955"
6817,"/CMSPages/BaiViet/Default.aspx?IDBaiViet=6817"
6814,"/CMSPages/BaiViet/Default.aspx?IDBaiViet=6814"
6685,"/CMSPages/BaiViet/Default.aspx?IDBaiViet=6685"
6624,"/CMSPages/BaiViet/Default.aspx?IDBaiViet=6624"
6596,"/CMSPages/BaiViet/Default.aspx?IDBaiViet=6596"
6592,"/CMSPages/BaiViet/Default.aspx?IDBaiViet=6592"
6589,"/CMSPages/BaiViet/Default.aspx?IDBaiViet=6589"
6546,"/CMSPages/BaiViet/Default.aspx?IDBaiViet=6546"
6535,"/CMSPages/BaiViet/Default.aspx?IDBaiViet=6535"
6522,"/CMSPages/BaiViet/Default.aspx?IDBaiViet=6522"
6507,"/CMSPages/BaiViet/Default.aspx?IDBaiViet=6507"
6474,"/CMSPages/BaiViet/Default.aspx?IDBaiViet=6474"
6261,"/CMSPages/BaiViet/Default.aspx?IDBaiViet=6261"
6115,"/CMSPages/BaiViet/Default.aspx?IDBaiViet=6115"
6079,"/CMSPages/BaiViet/Default.aspx?IDBaiViet=6079"
6071,"/CMSPages/BaiViet/Default.aspx?IDBaiViet=6071"
6039,"/CMSPages/BaiViet/Default.aspx?IDBaiViet=6039"
6018,"/CMSPages/BaiViet/Default.aspx?IDBaiViet=6018"
6010,"/CMSPages/BaiViet/Default.aspx?IDBaiViet=6010"
5968,"/CMSPages/BaiViet/Default.aspx?IDBaiViet=5968"
5925,"/CMSPages/BaiViet/Default.aspx?IDBaiViet=5925"
5785,"/CMSPages/BaiViet/Default.aspx?IDBaiViet=5785"
5767,"/CMSPages/BaiViet/Default.aspx?IDBaiViet=5767"
5661,"/CMSPages/BaiViet/Default.aspx?IDBaiViet=5661"
5542,"/CMSPages/BaiViet/Default.aspx?IDBaiViet=5542"
5478,"/CMSPages/BaiViet/Default.aspx?IDBaiViet=5478"
5437,"/CMSPages/BaiViet/Default.aspx?IDBaiViet=5437"
5384,"/CMSPages/BaiViet/Default.aspx?IDBaiViet=5384"
5164,"/CMSPages/BaiViet/Default.aspx?IDBaiViet=5164"
5152,"/CMSPages/BaiViet/Default.aspx?IDBaiViet=5152"
5095,"/CMSPages/BaiViet/Default.aspx?IDBaiViet=5095"
5019,"/CMSPages/BaiViet/Default.aspx?IDBaiViet=5019"
4981,"/CMSPages/BaiViet/Default.aspx?IDBaiViet=4981"
4869,"/CMSPages/BaiViet/Default.aspx?IDBaiViet=4869"
4767,"/CMSPages/BaiViet/Default.aspx?IDBaiViet=4767"
4710,"/CMSPages/BaiViet/Default.aspx?IDBaiViet=4710"
4705,"/CMSPages/BaiViet/Default.aspx?IDBaiViet=4705"
4580,"/CMSPages/BaiViet/Default.aspx?IDBaiViet=4580"
4428,"/CMSPages/BaiViet/Default.aspx?IDBaiViet=4428"
4386,"/CMSPages/BaiViet/Default.aspx?IDBaiViet=4386"
4325,"/CMSPages/BaiViet/Default.aspx?IDBaiViet=4325"
3966,"/CMSPages/BaiViet/Default.aspx?IDBaiViet=3966"
3875,"/CMSPages/BaiViet/Default.aspx?IDBaiViet=3875"
3851,"/CMSPages/BaiViet/Default.aspx?IDBaiViet=3851"
3750,"/CMSPages/BaiViet/Default.aspx?IDBaiViet=3750"
3567,"/CMSPages/BaiViet/Default.aspx?IDBaiViet=3567"
3365,"/CMSPages/BaiViet/Default.aspx?IDBaiViet=3365"
3326,"/CMSPages/BaiViet/Default.aspx?IDBaiViet=3326"
3315,"/CMSPages/BaiViet/Default.aspx?IDBaiViet=3315"
3300,"/CMSPages/BaiViet/Default.aspx?IDBaiViet=3300"
3298,"/CMSPages/BaiViet/Default.aspx?IDBaiViet=3298"
3296,"/CMSPages/BaiViet/Default.aspx?IDBaiViet=3296"
3292,"/CMSPages/BaiViet/Default.aspx?IDBaiViet=3292"
3291,"/CMSPages/BaiViet/Default.aspx?IDBaiViet=3291"
3289,"/CMSPages/BaiViet/Default.aspx?IDBaiViet=3289"
3288,"/CMSPages/BaiViet/Default.aspx?IDBaiViet=3288"
3272,"/CMSPages/BaiViet/Default.aspx?IDBaiViet=3272"
3257,"/CMSPages/BaiViet/Default.aspx?IDBaiViet=3257"
3252,"/CMSPages/BaiViet/Default.aspx?IDBaiViet=3252"
3235,"/CMSPages/BaiViet/Default.aspx?IDBaiViet=3235"
3215,"/CMSPages/BaiViet/Default.aspx?IDBaiViet=3215"
3212,"/CMSPages/BaiViet/Default.aspx?IDBaiViet=3212"
3028,"/CMSPages/BaiViet/Default.aspx?IDBaiViet=3028"
2896,"/CMSPages/BaiViet/Default.aspx?IDBaiViet=2896"
2842,"/CMSPages/BaiViet/Default.aspx?IDBaiViet=2842"
2836,"/CMSPages/BaiViet/Default.aspx?IDBaiViet=2836"
2779,"/CMSPages/BaiViet/Default.aspx?IDBaiViet=2779"
2729,"/CMSPages/BaiViet/Default.aspx?IDBaiViet=2729"
2721,"/CMSPages/BaiViet/Default.aspx?IDBaiViet=2721"
2707,"/CMSPages/BaiViet/Default.aspx?IDBaiViet=2707"
2683,"/CMSPages/BaiViet/Default.aspx?IDBaiViet=2683"
2665,"/CMSPages/BaiViet/Default.aspx?IDBaiViet=2665"
2623,"/CMSPages/BaiViet/Default.aspx?IDBaiViet=2623"
2618,"/CMSPages/BaiViet/Default.aspx?IDBaiViet=2618"
2615,"/CMSPages/BaiViet/Default.aspx?IDBaiViet=2615"
2601,"/CMSPages/BaiViet/Default.aspx?IDBaiViet=2601"
2589,"/CMSPages/BaiViet/Default.aspx?IDBaiViet=2589"
2580,"/CMSPages/BaiViet/Default.aspx?IDBaiViet=2580"
2570,"/CMSPages/BaiViet/Default.aspx?IDBaiViet=2570"
2556,"/CMSPages/BaiViet/Default.aspx?IDBaiViet=2556"
2420,"/CMSPages/BaiViet/Default.aspx?IDBaiViet=2420"
2409,"/CMSPages/BaiViet/Default.aspx?IDBaiViet=2409"
2401,"/CMSPages/BaiViet/Default.aspx?IDBaiViet=2401"
2319,"/CMSPages/BaiViet/Default.aspx?IDBaiViet=2319"
2280,"/CMSPages/BaiViet/Default.aspx?IDBaiViet=2280"
2255,"/CMSPages/BaiViet/Default.aspx?IDBaiViet=2255"
2252,"/CMSPages/BaiViet/Default.aspx?IDBaiViet=2252"
2215,"/CMSPages/BaiViet/Default.aspx?IDBaiViet=2215"
2064,"/CMSPages/BaiViet/Default.aspx?IDBaiViet=2064"
1945,"/CMSPages/BaiViet/Default.aspx?IDBaiViet=1945"
1931,"/CMSPages/BaiViet/Default.aspx?IDBaiViet=1931"
1927,"/CMSPages/BaiViet/Default.aspx?IDBaiViet=1927"
1898,"/CMSPages/BaiViet/Default.aspx?IDBaiViet=1898"
1874,"/CMSPages/BaiViet/Default.aspx?IDBaiViet=1874"
1855,"/CMSPages/BaiViet/Default.aspx?IDBaiViet=1855"
1824,"/CMSPages/BaiViet/Default.aspx?IDBaiViet=1824"
1809,"/CMSPages/BaiViet/Default.aspx?IDBaiViet=1809"
1711,"/CMSPages/BaiViet/Default.aspx?IDBaiViet=1711"
1624,"/CMSPages/BaiViet/Default.aspx?IDBaiViet=1624"
1621,"/CMSPages/BaiViet/Default.aspx?IDBaiViet=1621"
1620,"/CMSPages/BaiViet/Default.aspx?IDBaiViet=1620"
1619,"/CMSPages/BaiViet/Default.aspx?IDBaiViet=1619"
1618,"/CMSPages/BaiViet/Default.aspx?IDBaiViet=1618"
1616,"/CMSPages/BaiViet/Default.aspx?IDBaiViet=1616"
1615,"/CMSPages/BaiViet/Default.aspx?IDBaiViet=1615"
1614,"/CMSPages/BaiViet/Default.aspx?IDBaiViet=1614"
1591,"/CMSPages/BaiViet/Default.aspx?IDBaiViet=1591"
1586,"/CMSPages/BaiViet/Default.aspx?IDBaiViet=1586"
1585,"/CMSPages/BaiViet/Default.aspx?IDBaiViet=1585"
1578,"/CMSPages/BaiViet/Default.aspx?IDBaiViet=1578"
1576,"/CMSPages/BaiViet/Default.aspx?IDBaiViet=1576"
1572,"/CMSPages/BaiViet/Default.aspx?IDBaiViet=1572"
1571,"/CMSPages/BaiViet/Default.aspx?IDBaiViet=1571"
1570,"/CMSPages/BaiViet/Default.aspx?IDBaiViet=1570"
1567,"/CMSPages/BaiViet/Default.aspx?IDBaiViet=1567"
1565,"/CMSPages/BaiViet/Default.aspx?IDBaiViet=1565"
1564,"/CMSPages/BaiViet/Default.aspx?IDBaiViet=1564"
1561,"/CMSPages/BaiViet/Default.aspx?IDBaiViet=1561"
1556,"/CMSPages/BaiViet/Default.aspx?IDBaiViet=1556"
1549,"/CMSPages/BaiViet/Default.aspx?IDBaiViet=1549"
1548,"/CMSPages/BaiViet/Default.aspx?IDBaiViet=1548"
1537,"/CMSPages/BaiViet/Default.aspx?IDBaiViet=1537"
1536,"/CMSPages/BaiViet/Default.aspx?IDBaiViet=1536"
1534,"/CMSPages/BaiViet/Default.aspx?IDBaiViet=1534"
1531,"/CMSPages/BaiViet/Default.aspx?IDBaiViet=1531"
1509,"/CMSPages/BaiViet/Default.aspx?IDBaiViet=1509"
1486,"/CMSPages/BaiViet/Default.aspx?IDBaiViet=1486"
1466,"/CMSPages/BaiViet/Default.aspx?IDBaiViet=1466"
1461,"/CMSPages/BaiViet/Default.aspx?IDBaiViet=1461"
1439,"/CMSPages/BaiViet/Default.aspx?IDBaiViet=1439"
1431,"/CMSPages/BaiViet/Default.aspx?IDBaiViet=1431"
1415,"/CMSPages/BaiViet/Default.aspx?IDBaiViet=1415"
1375,"/CMSPages/BaiViet/Default.aspx?IDBaiViet=1375"
1364,"/CMSPages/BaiViet/Default.aspx?IDBaiViet=1364"
1355,"/CMSPages/BaiViet/Default.aspx?IDBaiViet=1355"
1351,"/CMSPages/BaiViet/Default.aspx?IDBaiViet=1351"
1293,"/CMSPages/BaiViet/Default.aspx?IDBaiViet=1293"
1264,"/CMSPages/BaiViet/Default.aspx?IDBaiViet=1264"
1240,"/CMSPages/BaiViet/Default.aspx?IDBaiViet=1240"
1236,"/CMSPages/BaiViet/Default.aspx?IDBaiViet=1236"
1179,"/CMSPages/BaiViet/Default.aspx?IDBaiViet=1179"
1169,"/CMSPages/BaiViet/Default.aspx?IDBaiViet=1169"
1166,"/CMSPages/BaiViet/Default.aspx?IDBaiViet=1166"
1134,"/CMSPages/BaiViet/Default.aspx?IDBaiViet=1134"
1085,"/CMSPages/BaiViet/Default.aspx?IDBaiViet=1085"
955,"/CMSPages/BaiViet/Default.aspx?IDBaiViet=955"
947,"/CMSPages/BaiViet/Default.aspx?IDBaiViet=947"
923,"/CMSPages/BaiViet/Default.aspx?IDBaiViet=923"
891,"/CMSPages/BaiViet/Default.aspx?IDBaiViet=891"
873,"/CMSPages/BaiViet/Default.aspx?IDBaiViet=873"
827,"/CMSPages/BaiViet/Default.aspx?IDBaiViet=827"
812,"/CMSPages/BaiViet/Default.aspx?IDBaiViet=812"
788,"/CMSPages/BaiViet/Default.aspx?IDBaiViet=788"
773,"/CMSPages/BaiViet/Default.aspx?IDBaiViet=773"
772,"/CMSPages/BaiViet/Default.aspx?IDBaiViet=772"
611,"/CMSPages/BaiViet/Default.aspx?IDBaiViet=611"
520,"/CMSPages/BaiViet/Default.aspx?IDBaiViet=520"
511,"/CMSPages/BaiViet/Default.aspx?IDBaiViet=511"
434,"/CMSPages/BaiViet/Default.aspx?IDBaiViet=434"
397,"/CMSPages/BaiViet/Default.aspx?IDBaiViet=397"
396,"/CMSPages/BaiViet/Default.aspx?IDBaiViet=396"
337,"/CMSPages/BaiViet/Default.aspx?IDBaiViet=337"
285,"/CMSPages/BaiViet/Default.aspx?IDBaiViet=285"
284,"/CMSPages/BaiViet/Default.aspx?IDBaiViet=284"
257,"/CMSPages/BaiViet/Default.aspx?IDBaiViet=257"
239,"/CMSPages/BaiViet/Default.aspx?IDBaiViet=239"
226,"/CMSPages/BaiViet/Default.aspx?IDBaiViet=226"
222,"/CMSPages/BaiViet/Default.aspx?IDBaiViet=222"
213,"/CMSPages/BaiViet/Default.aspx?IDBaiViet=213"
205,"/CMSPages/BaiViet/Default.aspx?IDBaiViet=205"
197,"/CMSPages/BaiViet/Default.aspx?IDBaiViet=197"
196,"/CMSPages/BaiViet/Default.aspx?IDBaiViet=196"
140,"/CMSPages/BaiViet/Default.aspx?IDBaiViet=140"
139,"/CMSPages/BaiViet/Default.aspx?IDBaiViet=139"
138,"/CMSPages/BaiViet/Default.aspx?IDBaiViet=138"
137,"/CMSPages/BaiViet/Default.aspx?IDBaiViet=137"
136,"/CMSPages/BaiViet/Default.aspx?IDBaiViet=136"
125,"/CMSPages/BaiViet/Default.aspx?IDBaiViet=125"
121,"/CMSPages/BaiViet/Default.aspx?IDBaiViet=121"
115,"/CMSPages/BaiViet/Default.aspx?IDBaiViet=115"
24469,"/CMSPages/BaiViet/Default.aspx?IDBaiViet=24469"
