12707,"/thong-bao-cap-bang-tot-nghiep-thang-2-nam-2020"
12704,"/hoc-vien-cong-nghe-buu-chinh-vien-thong-tiep-tuc-lui-lich-hoc-de-phong-ngua-dich-benh-viem-duong-ho-hap-cap-do-chung-moi-cua-virus-corona-covid-19"
12702,"/thong-bao-ve-viec-tiep-tuc-nghi-hoc-phong-ngua-dich-benh-viem-duong-ho-hap-cap-do-chung-moi-cua-virus-corona-covid-19"
12678,"/hoc-vien-cong-nghe-buu-chinh-vien-thong-tiep-tuc-lui-thoi-gian-bat-dau-hoc-ky-ii-nam-hoc-2019-2020"
12672,"/thong-bao-ve-viec-tiep-tuc-nghi-hoc-phong-ngua-dich-benh-viem-duong-ho-hap-cap-do-chung-moi-cua-virus-corona-ncov"
12667,"/luvina-tuyen-dung-50-lap-trinh-da-ngon-ngu"
12661,"/hoc-vien-cong-nghe-buu-chinh-vien-thong-lan-thu-ba-lien-tiep-giu-vung-vi-tri-top-10-trong-bang-xep-hang-cac-truong-dai-hoc-hang-dau-viet-nam"
12654,"/ne-chung-moi-cua-virus-corona-hoc-vien-cong-nghe-buu-chinh-vien-thong-lui-thoi-gian-bat-dau-hoc-ky-ii-nam-hoc-2019-2020"
12650,"/thong-bao-ve-viec-phong-chong-benh-viem-duong-ho-hap-cap-do-chung-moi-cua-vi-rut-corona-ncov"
12648,"/thong-bao-ve-viec-dieu-chinh-ke-hoach-hoc-ky-2-nam-hoc-2019-2020-31-01-2020"
12644,"/thong-bao-ve-viec-dieu-chinh-ke-hoach-hoc-ky-2-nam-hoc-2019-2020"
12599,"/thu-chuc-tet-cua-giam-doc-hoc-vien-cong-nghe-buu-chinh-vien-thong-2"
12594,"/sinh-vien-hoc-vien-nhan-bang-khen-cua-bo-truong-bo-giao-duc-va-dao-tao"
12589,"/gap-mat-can-bo-huu-tri-mung-xuan-canh-ty"
12583,"/le-tong-ket-cac-hoat-dong-cua-du-an-motorola-nam-2019"
12579,"/thong-bao-cap-bang-tot-nghiep-dot-2-thang-12-nam-2019"
12603,"/22-sinh-vien-hoc-vien-cong-nghe-buu-chinh-vien-thong-nhan-hoc-bong-tai-nang-samsung-stp-2020"
12570,"/microsoft-cong-bo-cac-du-an-xuat-sac-tai-dien-dan-education-exchange-2020"
12564,"/thong-bao-ve-viec-huong-dan-so-ket-hoc-ky-1-nam-hoc-2019-2020"
12558,"/hoc-vien-cong-nghe-buu-chinh-vien-thong-tap-trung-mo-nganh-dao-tao-fintech-iot-robotics"
12554,"/5-sinh-vien-ptit-duoc-tuyen-duong-sinh-vien-5-tot-cap-doan-khoi-cac-co-quan-trung-uong"
12551,"/thong-bao-ve-viec-phat-hanh-the-bao-hiem-y-te-cho-sinh-vien-cac-khoa-2020-dot-1"
12536,"/ngay-hoi-thanh-nien-voi-van-hoa-an-toan-giao-thong"
12527,"/le-ky-ket-thoa-thuan-hop-tac-giua-khoa-da-phuong-tien-ptit-va-trung-tam-mo-hinh-mo-phong-vht"
12517,"/ptit-dung-thu-16-trong-tong-so-30-truong-dai-hoc-co-so-bai-bao-khoa-hoc-cao-nhat-ca-nuoc"
12456,"/vintech-city"
12450,"/chuong-trinh-misa-web-fresher-2020-in-20-real-project"
12440,"/viet-nam-thuan-loi-de-thuc-day-nghien-cuu-ung-dung-ai"
12427,"/cong-ty-dich-vu-mobifone-khu-vuc-6-thong-bao-tuyen-dung"
12424,"/trung-tam-kinh-doanh-vnpt-thai-binh-tuyen-dung-nhan-su-nam-2019"
12458,"/thong-tin-bao-chi-hoi-nghi-quoc-te-thuong-nien-ve-khoa-hoc-thong-tin-va-may-tinh-nam-2019-the-nafosted-conference-on-information-and-computer-science-2019"
12051,"/thong-bao-ket-qua-xet-bo-nhiem-chuc-danh-giao-su-pho-giao-su-tai-hoc-vien-cong-nghe-buu-chinh-vien-thong-nam-2019"
12044,"/thong-bao-ve-viec-tham-gia-giai-thuong-ta-quang-buu-nam-2020"
11887,"/thong-bao-tuyen-dung-giang-vien-nam-2019-2"
12024,"/hoc-vien-cong-nghe-buu-chinh-vien-thong-bo-nhiem-5-can-bo-quan-ly"
12054,"/sinh-vien-ptit-gianh-nhieu-giai-cao-tai-ky-thi-olypic-tin-hoc-sinh-vien-va-lap-trinh-sinh-vien-icpc-asia-da-nang-nam-2019"
12016,"/thong-bao-ve-viec-hoan-phat-bang-le-tai-co-so-dao-tao-ha-dong-trong-tuan-52-nam-2019"
12006,"/hoc-vien-cong-nghe-buu-chinh-vien-thong-thong-bao-ve-viec-bo-nhiem-chuc-danh-giao-su-pho-giao-su-nam-2019"
12001,"/chuong-trinh-thuc-tap-tai-svmc-svmc-internship-program-2020"
11995,"/tong-cong-ty-ha-tang-mang-tuyen-dung-nhan-su-cong-nghe-thong-tin"
11987,"/nam-sinh-hoc-vien-cong-nghe-buu-chinh-vien-thong-vo-dich-dau-si-coder"
11981,"/thong-bao-chuong-trinh-misa-tour-2019-trai-nghiem-thuc-te-ao-vr-ar-into-misa-space-decode-yourself"
11968,"/bo-truong-nguyen-manh-hung-chuc-mung-hoc-vien-cong-nghe-buu-chinh-vien-thong-nhan-ngay-nha-giao-viet-nam"
11958,"/bo-truong-bo-thong-tin-va-truyen-thong-gui-thu-chuc-mung-nhan-ngay-nha-giao-viet-nam-20-11"
11951,"/thu-chuc-mung-cua-giam-doc-hoc-vien-nhan-dip-ky-niem-37-nam-ngay-nha-giao-viet-nam-20-11-1982-20-11-2019"
11941,"/thong-bao-trieu-tap-sinh-vien-tham-du-le-mit-tinh-chao-mung-ky-niem-ngay-nha-giao-viet-nam-20-11-2019"
11934,"/8-doi-doat-giai-y-tuong-khoi-nghiep-sang-tao-danh-cho-nu-sinh-vien-toan-quoc"
11928,"/hoc-vien-cong-nghe-buu-chinh-vien-thong-ha-noi-dang-quang-vck-quoc-gia-fifa-online-4-student-cup-2019"
11926,"/trung-tam-tu-van-thiet-ke-mobifone-thong-bao-tuyen-dung"
11922,"/thong-bao-cap-bang-tot-nghiep-thang-12-nam-2019"
11890,"/le-tong-ket-va-trao-bang-tot-nghiep-he-dai-hoc-chinh-quy-nam-2019-dot-2"
11884,"/thong-bao-tuyen-dung-giang-vien-nam-2019"
11879,"/thong-bao-ve-viec-mua-bao-hiem-y-te-he-dai-hoc-cao-dang-lien-thong-chinh-quy-nam-hoc-2019-2020"
11876,"/hoc-vien-cong-nghe-buu-chinh-vien-thong-co-02-ung-vien-dat-chuan-chuc-danh-giao-su-va-pho-giao-su"
11901,"/sinh-vien-ptit-dat-ket-qua-cao-tai-giai-dien-kinh-sinh-vien-cac-truong-dai-hoc-hoc-vien-va-cao-dang-khu-vuc-ha-noi-nam-2019"
11907,"/chung-ket-cuoc-thi-sing-to-learn-ptit-2019"
11874,"/thong-bao-ve-viec-dang-ky-nguyen-vong-cac-hoc-phan-trong-chuong-trinh-dao-tao-cong-nghe-thong-tin-day-bang-tieng-anh-cho-sinh-vien-asean"
11872,"/trung-tam-tinh-cuoc-va-thanh-khoan-mobifone-tuyen-dung-ky-su-cu-nhan-cong-nghe-thong-tin-tin-hoc-ky-su-dien-tu-vien-thong"
11868,"/thong-bao-hoan-phat-bang-le-tai-co-so-dao-tao-ha-dong-trong-tuan-48-nam-2019"
11865,"/trung-tam-mang-luoi-mobifone-mien-bac-tuyen-dung-ky-su-dien-tu-vien-thong-va-cong-nghe-thong-tin"
11862,"/thong-bao-dieu-chinh-thoi-gian-thi-chuan-dau-ra-tieng-anh-dot-3-nam-2019"
11855,"/vien-kinh-te-buu-dien-thong-bao-tuyen-dung-nhan-su-nam-2019"
11851,"/mobifone-global-thong-bao-tuyen-dung"
11848,"/vien-kinh-te-thong-bao-tuyen-dung"
11838,"/dai-hoi-dai-bieu-doan-tncs-ho-chi-minh-hoc-vien-cong-nghe-buu-chinh-vien-thong-lan-thu-viii-nhiem-ky-2019-2022"
11826,"/thong-tin-tuyen-dung-cua-fpt-telecom-tai-job-fairs-ptit-2019"
11816,"/20-cong-ty-lon-quy-tu-trong-ngay-hoi-viec-lam-ptit-job-fair-2019"
11811,"/cong-ty-tnhh-synergix-technologies-thong-bao-tuyen-dung"
11808,"/bss-group-thong-bao-tuyen-dung-nam-2019"
11805,"/chuong-trinh-tuyen-dung-hot-nhat-thang-11-cua-co-well"
11802,"/chuong-trinh-cua-tim-viec-nhanh-tai-ngay-hoi-tuyen-dung-ptit-2019"
11799,"/t%f0%9d%90%a2%f0%9d%90%8d%f0%9d%90%a2%f0%9d%90%8f%f0%9d%90%9a%f0%9d%90%ab%f0%9d%90%a4-%f0%9d%90%80%f0%9d%90%9e%f0%9d%90%a8%f0%9d%90%a7-%f0%9d%90%8c%f0%9d%90%9a%f0%9d%90%a5%f0%9d%90%a5-%f0%9d%90%87a-do"
11790,"/thong-tin-ngay-hoi-tuyen-dung-ptit-2019-ket-noi-sinh-vien-va-doanh-nghiep"
11778,"/thong-bao-ke-hoach-to-chuc-thi-cap-chung-chi-toeic-quoc-te-dot-thi-thang-11-2019"
11774,"/quyet-dinh-cong-nhan-cap-bang-tot-nghiep-dhcq-thang-10-nam-2019"
11764,"/doanh-nghiep-can-co-chien-luoc-nuoi-duong-uom-mam-tai-nang-tai-cac-truong-dai-hoc"
11783,"/02-sinh-vien-ptit-duoc-vinh-danh-tai-le-tuyen-duong-thu-khoa-xuat-sac-tot-nghiep-cac-truong-dai-hoc-hoc-vien-tren-dia-ban-thanh-pho-ha-noi-nam-2019"
11756,"/dong-dao-sinh-vien-ptit-tham-du-talkshow-marketing-reborn-in-4-0"
11752,"/thong-bao-ve-viec-tra-the-bao-hiem-y-te-cho-sinh-vien"
11749,"/thong-bao-quyet-dinh-bo-sung-thi-sinh-duoc-cong-nhan-hoan-thanh-chuong-trinh-bo-sung-kien-thuc-du-thi-tuyen-sinh-trinh-do-thac-si-do%cc%a3t-2-nam-2019"
11746,"/thong-bao-quyet-dinh-mien-thi-mon-tieng-anh-trong-ky-thi-tuyen-sinh-trinh-do-thac-si-do%cc%a3t-2-nam-2019"
11736,"/120-sinh-vien-ptit-hoan-thanh-khoa-hoc-thuat-toan-ung-dung-do-samsung-tai-tro-nam-2019"
11732,"/thong-bao-chuong-trinh-tuyen-dung-fresher-tai-vnpt-it"
11727,"/thong-bao-chuong-trinh-hoc-bong-sinh-vien-tai-nang-vnpt"
11718,"/doan-cong-tac-cua-ptit-tham-va-lam-viec-voi-cac-truong-dai-hoc-cua-uc"
11706,"/thong-bao-moi-viet-bai-tap-chi-khoa-hoc-cong-nghe-thong-tin-va-truyen-thong-2"
11704,"/thong-bao-moi-viet-bai-tap-chi-khoa-hoc-cong-nghe-thong-tin-va-truyen-thong"
11712,"/sinh-vien-ptit-lot-vao-vong-chung-ket-giai-thuong-cntt-quoc-te-apicta-2019"
11697,"/chuong-trinh-net-fresher-cua-cong-ty-co-phan-misa"
11691,"/cdit-trien-khai-giai-phap-quan-ly-thong-tin-nha-tram-di-dong-cho-mobifone-tren-toan-quoc"
11689,"/luvina-thong-bao-tuyen-dung-50-lap-trinh-da-ngon-ngu"
11687,"/thong-bao-tuyen-dung-giang-vien-7"
11680,"/sinh-vien-khoa-2019-cua-hoc-vien-tham-gia-ky-hoc-giao-duc-quoc-phong-tai-trung-tam-giao-duc-quoc-phong-ha-noi"
11676,"/thong-bao-ve-thoi-gian-thi-trinh-do-thac-sy-dot-2-nam-2019"
11670,"/ho%cc%a3c-bo%cc%89ng-tai-nang-samsung-stp-2019-dam-thay-doi-dam-dan-dau"
11666,"/svmc-open-day-2019-trai-nghiem-cong-nghe-moi-truong-lam-viec-tang-set-qua-cho-100-sinh-vien-tham-gia"
11654,"/buoc-di-manh-me-tren-nhung-manh-thuy-tinh"
11633,"/dem-hoi-chao-sinh-vien-ptit-2019-voi-nhieu-cung-bac-cam-xuc-cho-tan-sinh-vien-khoa-d19"
11629,"/quyet-dinh-cong-nhan-cap-bang-tot-nghiep-dhcq-dot-2-thang-8-nam-2019-2"
11623,"/quyet-dinh-cong-nhan-cap-bang-tot-nghiep-dhcq-dot-2-thang-8-nam-2019"
11620,"/quyet-dinh-cong-nhan-cap-bang-tot-nghiep-dhcq-dot-1-thang-8-nam-2019"
11611,"/tung-bung-khong-khi-ngay-khai-giang-nam-hoc-2019-2020-tai-ptit"
11607,"/trung-tam-phat-trien-giai-phap-ve-linh-kien-cho-xe-hoi-thong-bao-tuyen-dung-fresher-c-c-developer"
11603,"/thong-bao-dieu-chinh-thoi-gian-thi-cap-chung-chi-toeic-quoc-te"
11645,"/le-khai-giang-nam-hoc-2019-2020-tai-hoc-vien-cong-nghe-buu-chinh-vien-thong-co-so-thanh-pho-ho-chi-minh"
11597,"/trung-tam-tai-nang-tre-fpt-thong-bao-tuyen-sinh-khoa-20"
11592,"/khoa-hoc-he-phat-trien-giao-thuc-mang-4g-lte"
11585,"/thong-bao-ve-viec-to-chuc-hoi-thao-hoc-bong-acecook-viet-nam-2019-2020"
11581,"/misa-software-thong-bao-khoa-dao-tao-w%f0%9d%90%84%f0%9d%90%81-%f0%9d%90%85%f0%9d%90%94%f0%9d%90%8b%f0%9d%90%8b%f0%9d%90%92%f0%9d%90%93%f0%9d%90%80%f0%9d%90%82%f0%9d%90%8a-%f0%9d%90%85%f0%9d%90%91"
11576,"/thong-bao-keu-goi-de-xuat-de-tai-du-an-thuoc-chuong-trinh-khcn-trong-diem-cap-quoc-gia-giai-doan-den-nam-2025-ho-tro-nghien-cuu-phat-trien-va-ung-dung-cong-nghe-cua-cong-nghiep-4-0-thuc-hien-na"
11571,"/hoc-vien-cong-nghe-buu-chinh-vien-thong-vao-chung-ket-thi-sinh-vien-khoi-nghiep-toan-quoc-2019"
11562,"/thong-bao-ve-viec-thu-ho-so-xet-mien-giam-hoc-phi-va-ho-tro-chi-phi-hoc-tap-hoc-ky-1-nam-hoc-2019-2020"
11558,"/hoc-bong-tai-nang-samsung-stp-2019-danh-cho-sinh-vien-hoc-vien-cong-nghe-buu-chinh-vien-thong-2"
11544,"/phat-dong-cuoc-thi-cfa-research-challenge-2019-cho-sinh-vien-nganh-tai-chinh-ke-toan"
11554,"/hoc-bong-tai-nang-samsung-stp-2019-danh-cho-sinh-vien-hoc-vien-cong-nghe-buu-chinh-vien-thong"
11568,"/sinh-vien-hoc-vien-cong-nghe-buu-chinh-vien-thong-co-nhieu-co-hoi-lam-viec-tai-samsung-viet-nam"
11526,"/sinh-vien-khoa-2019-tham-gia-tuan-sinh-hoat-cong-dan-hoc-sinh-sinh-vien"
11517,"/tan-sinh-vien-khoa-2019-hao-huc-nhap-truong"
11533,"/du-an-mlae-cua-sinh-vien-ptit-gianh-giai-ba-cuoc-thi-vietnam-national-ai-hackathon"
11514,"/trung-tam-cong-nghe-thong-tin-mobifone-thong-bao-tuyen-dung"
11490,"/du-an-ung-dung-cong-nghe-lora-trong-linh-vuc-nong-nghiep-thong-minh-cua-sinh-vien-ptit-lot-vao-chung-ket-cuoc-thi-phat-trien-ung-dung-innoworks-2019"
11486,"/thong-bao-tuyen-dung-giang-vien-6"
11484,"/thong-bao-tuyen-dung-giang-vien-5"
11468,"/le-cong-bo-quyet-dinh-bo-nhiem-can-bo-11"
11464,"/quy-doi-moi-sang-tao-vingroup-vinif-ky-ket-tai-tro-du-an-khoa-hoc-cong-nghe-nam-2019-voi-ptit"
11453,"/thong-bao-chi-tien-mien-giam-hoc-phi-hoc-bong-chinh-sach-ho-tro-chi-phi-hoc-tap-cho-sinh-vien-hoc-ky-2-2018-2019"
11434,"/thi-sinh-hao-huc-nop-giay-xac-nhan-nhap-hoc-vao-hoc-vien-cong-nghe-buu-chinh-vien-thong"
11426,"/thong-bao-ke-hoach-to-chuc-thi-cap-chung-chi-toeic-quoc-te-dot-thi-thang-9-2019"
11415,"/du-an-ung-dung-hoc-tu-vung-tieng-anh-memo-gianh-giai-nhat-cuoc-thi-y-tuong-khoi-nghiep-p-startup-2019"
11409,"/sinh-vien-hoc-vien-cong-nghe-buu-chinh-vien-thong-ron-rang-trong-ngay-hoi-ao-trang-den-truong-white-day-ptit-2"
11404,"/hoc-vien-cong-nghe-buu-chinh-vien-thong-cong-bo-diem-chuan-trung-tuyen-vao-dai-hoc-chinh-quy-dot-1-nam-2019"
11394,"/hoc-vien-cong-nghe-buu-chinh-vien-thong-nhap-hoc-vao-ngay-29-va-30-9-2019"
11390,"/thong-bao-ke-hoach-cong-bo-diem-trung-tuyen-va-nhap-hoc-dai-hoc-chinh-quy-dot-1-nam-2019"
11384,"/hoc-vien-cong-nghe-buu-chinh-vien-thong-to-chuc-su-kien-truong-he-da-phuong-tien"
11345,"/hoc-vien-cong-nghe-buu-chinh-vien-thong-to-chuc-nhieu-hoat-dong-tri-an-y-nghia-nhan-ngay-thuong-binh-liet-sy-27-7"
11366,"/ptit-tham-gia-hoi-thao-nganh-thong-tin-va-truyen-thong-khu-vuc-mien-bac-nam-2019"
11370,"/sinh-vien-ptit-voi-chien-dich-mua-he-xanh-2019"
11340,"/thong-bao-ve-viec-hoan-phat-bang-le-tai-co-so-dao-tao-ha-dong-trong-tuan-32-nam-2019"
11333,"/gan-400-hoc-sinh-hao-huc-tham-gia-ngay-hoi-tu-van-tuyen-sinh-open-day-ptit-2019"
11301,"/ngay-hoi-tu-van-xet-tuyen-dai-hoc-chinh-quy-nam-2019"
11306,"/chuyen-gia-giao-duc-mach-nuoc-sinh-vien-hoc-vien-cach-san-hoc-bong-de-giam-chi-phi-hoc-tap"
11292,"/ptit-tu-van-truc-tuyen-tuyen-sinh-dai-hoc-chinh-quy-nam-2019"
11245,"/cong-bo-diem-nhan-ho-so-xet-tuyen-dai-hoc-chinh-quy-2019-vao-hoc-vien-cong-nghe-bcvt"
10198,"/thong-bao-ket-qua-xet-tuyen-thang-vao-he-dai-hoc-he-chinh-quy-nam-2019"
10196,"/thong-bao-muc-diem-nhan-ho-so-dang-ky-xet-tuyen-dai-hoc-he-chinh-quy-dot-1-nam-2019"
10192,"/chinh-quyen-tinh-quang-ninh-thi-diem-ket-noi-voi-nhan-dan-bang-phan-mem-cong-nghe-do-vien-cdit-hoc-vien-cnbcvt-phat-trien"
10147,"/thong-bao-xet-tuyen-dai-hoc-he-chinh-quy-dot-1-nam-2019"
10095,"/ptit-chinh-thuc-khoi-dong-chuong-trinh-tu-van-truc-tuyen-tuyen-sinh-dai-hoc-chinh-quy-nam-2019"
10089,"/thong-bao-ke-hoach-su-dung-khoan-ho-tro-dao-tao-cua-samsung-nam-2019"
10077,"/hoc-vien-cong-nghe-bcvt-hoan-thanh-nhiem-vu-tham-gia-to-chuc-ky-thi-thpt-quoc-gia-tai-hai-phong-va-an-giang"
10059,"/thong-bao-hoan-phat-bang-le-tai-co-so-dao-tao-ha-dong-tuan-26-nam-2019-2"
10056,"/thong-bao-hoan-phat-bang-le-tai-co-so-dao-tao-ha-dong-tuan-26-nam-2019"
10043,"/fpt-is-tuyen-nhan-vien-tu-van-trien-khai-erp-va-lap-trinh-vien-2"
10040,"/fpt-is-tuyen-nhan-vien-tu-van-trien-khai-erp-va-lap-trinh-vien"
10037,"/tuyen-sinh-dai-hoc-2019-6-hoc-sinh-duoc-tuyen-thang-vao-hoc-vien-cong-nghe-buu-chinh-vien-thong"
10097,"/thong-bao-muc-thu-hoc-phi-nam-hoc-2019-2020"
9968,"/thong-bao-cap-bang-tot-nghiep-thang-6-nam-2019-2"
9952,"/le-tong-ket-trao-bang-tien-sy-va-thac-sy-nam-2019-dot-1"
9949,"/thong-bao-ve-viec-hoan-phat-bang-le-tai-co-so-dao-tao-ha-dong-trong-tuan-25-nam-2019"
9945,"/chuong-trinh-hop-tac-nghien-cuu-2019-samsung-research-program-2"
9939,"/chuong-trinh-hop-tac-nghien-cuu-2019-samsung-research-program"
9936,"/cong-ty-imt-solutions-tuyen-dung"
9930,"/thong-bao-cap-bang-tot-nghiep-thang-6-nam-2019"
9927,"/thong-bao-tuyen-dung"
9918,"/thong-bao-lich-tra-chung-chi-toeic-quoc-te-dot-thi-ngay-25-5-2019-2"
9915,"/thong-bao-lich-tra-chung-chi-toeic-quoc-te-dot-thi-ngay-25-5-2019"
12463,"/tong-giai-thuong-cuoc-thi-lap-trinh-quoc-te-samsung-2019-len-den-2-6-ty-dong"
9907,"/thong-bao-ve-viec-so-ket-hoc-ky-2-nam-hoc-2018-2019"
9905,"/cong-ty-vnpt-technology-tuyen-dung-fresher-junior-khoi-ky-su-rd-2"
9902,"/cong-ty-vnpt-technology-tuyen-dung-fresher-junior-khoi-ky-su-rd"
9896,"/thong-bao-ket-qua-thi-toeic-ngay-25-5-2019"
9877,"/ptit-nam-thu-hai-lien-tiep-co-sinh-vien-gianh-suat-sang-my-thi-thiet-ke-do-hoa"
9873,"/thong-bao-ve-viec-hoan-phat-bang-le-tai-co-so-dao-tao-ha-dong-trong-tuan-22-nam-2019"
9870,"/leap-program-2019-co-hoi-thuc-tap-cho-cac-ban-tre-yeu-game"
9868,"/thong-bao-tuyen-dung-ky-su-cong-nghe-thong-tin"
9866,"/thong-bao-tuyen-dung-giang-vien-3"
12466,"/samsung-viet-nam-phat-dong-cuoc-thi-lap-trinh-quoc-te"
9852,"/__trashed-5"
9899,"/hoc-vien-cong-nghe-buu-chinh-vien-thong-tuyen-dung-giang-vien-nam-2019"
9834,"/thong-bao-cap-bang-tot-nghiep-thang-05-nam-2019"
9804,"/ptit-ky-ket-thoa-thuan-hop-tac-toan-dien-ve-nghien-cuu-dao-tao-chuyen-giao-cong-nghe-voi-so-thong-tin-va-truyen-thong-tinh-quang-ninh"
9788,"/823-sinh-vien-khoa-d14-khoi-nganh-ky-thuat-cua-hoc-vien-co-viec-lam-ngay-sau-khi-tot-nghiep"
9795,"/nguyen-hong-duc-se-cat-tam-bang-dai-hoc-vao-tu-kinh"
9783,"/thong-bao-lich-thi-cap-chung-chi-toeic-quoc-te"
9775,"/thong-bao-thu-phi-du-thi-chuan-dau-ra-tieng-anh-dot-1-nam-2019"
9523,"/hoi-dong-giao-su-co-so"
9559,"/thong-bao-tuyen-dung-giang-vien-4"
9552,"/thong-bao-tuyen-sinh-dai-hoc-hinh-thuc-vua-lam-vua-hoc-nam-2019"
9545,"/__trashed-4"
9541,"/thong-bao-the-le-cuoc-thi-y-tuong-sang-tao-khoi-nghiep-cua-sinh-vien-hoc-vien-cong-nghe-buu-chinh-vien-thong-p-startup-2019"
9527,"/hoi-nghi-khoa-hoc-sinh-vien-ptit-voi-ky-nguyen-iot"
9525,"/thong-bao-tuyen-dung-uu-tien-noi-bo"
9510,"/ptit-co-4-sinh-vien-vao-chung-ket-quoc-gia-cuoc-thi-vo-dich-thiet-ke-do-hoa-2019"
9497,"/thong-bao-tuyen-sinh-dao-tao-tu-xa-trinh-do-dai-hoc-nam-2019"
9491,"/cong-dong-ptiter-tiep-suc-co-nu-sinh-nam-cuoi-mac-benh-hiem-ngheo"
9480,"/thong-bao-ke-hoach-to-chuc-thi-chuan-dau-ra-tieng-anh-dot-1-nam-2019-va-thi-cap-chung-chi-toeic-quoc-te-doi-voi-sinh-vien-he-dai-hoc-chinh-quy-tai-co-so-dao-tao-phia-bac"
12454,"/thong-bao-cuoc-thi-lap-trinh-quoc-te-samsung-2019"
9474,"/thong-bao-lich-xet-cong-nhan-dat-tieu-chuan-chuc-danh-giao-su-pho-giao-su-nam-2019"
9838,"/thong-bao-lich-tiep-sinh-vien-cua-cac-phong-trung-tam-chuc-nang-hoc-vien"
9469,"/thong-bao-cuoc-thi-phat-trien-ung-dung-advantech-aiot-developer-innoworks-innoworks-2019"
9460,"/hoi-thao-nhung-van-de-ke-toan-tai-chinh-thuc-te-tu-chuyen-gia-acca-nhung-goc-nhin-thuc-te"
9440,"/thong-bao-ket-qua-xet-tot-nghiep-thang-04-nam-2019"
9436,"/danh-muc-de-tai-cap-hoc-vien-nam-2018"
9434,"/danh-muc-de-tai-cap-hoc-vien-nam-2017"
9431,"/danh-muc-de-tai-cap-hoc-vien-nam-2016"
9428,"/danh-muc-de-tai-cap-hoc-vien-nam-2015"
9424,"/danh-muc-de-tai-cap-hoc-vien-nam-2014"
9422,"/danh-muc-de-tai-cap-bo-nam-2018"
9420,"/danh-muc-de-tai-cap-bo-nam-2017"
9418,"/danh-muc-de-tai-cap-bo-nam-2016"
9416,"/danh-muc-de-tai-cap-bo-nam-2015"
9413,"/danh-muc-de-tai-cap-bo-nam-2014"
9411,"/danh-muc-de-tai-cap-nha-nuoc-nam-2018"
9408,"/danh-muc-de-tai-cap-nha-nuoc-nam-2017"
9403,"/danh-muc-de-tai-cap-nha-nuoc-nam-2016"
9400,"/danh-muc-de-tai-cap-nha-nuoc-nam-2015"
9397,"/danh-muc-de-tai-cap-nha-nuoc-nam-2014"
9382,"/danh-muc-cac-bao-bao-tai-hoi-nghi-hoi-thao-trong-nuoc-va-quoc-te-nam-2018"
9378,"/danh-muc-cac-bao-bao-tai-hoi-nghi-hoi-thao-trong-nuoc-va-quoc-te-nam-2017"
9376,"/danh-muc-cac-bao-bao-tai-hoi-nghi-hoi-thao-trong-nuoc-va-quoc-te-nam-2016"
9373,"/danh-muc-cac-bao-bao-tai-hoi-nghi-hoi-thao-trong-nuoc-va-quoc-te-nam-2015"
9366,"/danh-muc-cac-bao-bao-tai-hoi-nghi-hoi-thao-trong-nuoc-va-quoc-te-nam-2014"
9362,"/danh-muc-cac-bao-cao-tai-hoi-nghi-hoi-thao-trong-nuoc-va-quoc-te-nam-2013"
9355,"/danh-muc-cac-bao-cao-tai-hoi-nghi-hoi-thao-khoa-hoc-trong-nuoc-va-quoc-te-nam-2016"
9353,"/danh-muc-bai-bao-dang-tap-chi-nuoc-ngoai-nam-2018"
9351,"/danh-muc-bai-bao-dang-tap-chi-nuoc-ngoai-nam-2017"
9349,"/danh-muc-bai-bao-dang-tap-chi-nuoc-ngoai-nam-2016"
9347,"/danh-muc-bai-bao-dang-tap-chi-nuoc-ngoai-nam-2015"
9345,"/danh-muc-bai-bao-dang-tap-chi-nuoc-ngoai-nam-2014"
9343,"/danh-muc-bai-bao-dang-tap-chi-trong-nuoc-nam-2018"
9341,"/danh-muc-bai-bao-dang-tap-chi-trong-nuoc-nam-2017"
9339,"/danh-muc-bai-bao-dang-tap-chi-trong-nuoc-nam-2016"
9337,"/danh-muc-cac-bai-bao-dang-tap-chi-trong-nuoc-nam-2015"
9335,"/danh-muc-bai-bao-dang-tap-chi-trong-nuoc-nam-2014"
9310,"/thong-bao-nhan-ho-so-chuong-trinh-hoc-bong-khoa-hoc-cong-nghe-dao-tao-thac-si-tien-si-du-hoc-tai-nuoc-ngoai-cua-tap-doan-vingroup-danh-cho-ung-vien-nop-ho-so-nam-hoc-2019-2020-va-2020-2021"
9287,"/hoc-vien-cong-nghe-buu-chinh-vien-thong-chiem-50-so-doi-vuot-ban-ket-cuoc-dua-so"
9276,"/8-10-sinh-vien-hoc-vien-dat-giai-trong-ky-thi-olympic-toan-hoc-hoc-sinh-sinh-vien-toan-quoc-nam-2019"
9269,"/thong-bao-xet-tuyen-thang-va-uu-tien-xet-tuyen-vao-dai-hoc-he-chinh-quy-nam-2019"
9262,"/tuan-le-rei-business-week-2019-tai-hoc-vien-cong-nghe-buu-chinh-vien-thong"
9248,"/chuong-trinh-hoc-bong-panasonic-2019-mo-rong"
9242,"/le-cong-bo-quyet-dinh-bo-nhiem-can-bo-10"
9237,"/thong-bao-tuyen-sinh-dai-hoc-he-chinh-quy-nam-2019"
9229,"/chuong-trinh-thuc-tap-tai-svmc-svmc-internship-program-2019"
9217,"/hon-100-truong-dai-hoc-tai-viet-nam-ban-van-de-phat-trien-nhan-luc-ict-trinh-do-cao"
9210,"/ptit-ky-ket-hop-tac-nghien-cuu-dao-tao-trong-linh-vuc-ict-voi-cmc-fpt-telecom"
9105,"/toa-dam-phat-trien-nguon-nhan-luc-ict-trinh-do-cao"
9086,"/de-an-tuyen-sinh-dai-hoc-he-chinh-quy-nam-2019"
9196,"/hoi-nghi-tong-ket-cong-tac-doan-va-phong-trao-thanh-nien-nam-2018"
9056,"/khoa-dao-tao-sau-dai-hoc-da-lam-tot-cong-tac-dao-tao-nguon-nhan-luc-chat-luong-cao-cua-mot-truong-dai-hoc-dao-tao-chuyen-sau-ve-cong-nghe-thong-tin-va-truyen-thong"
9048,"/can-bo-giang-vien-sinh-vien-ptit-tich-cuc-huong-ung-ngay-hoi-ptit-hong-2019"
9063,"/trung-tam-dao-tao-buu-chinh-vien-thong-i-tuoi-20-vung-buoc-tuong-lai"
9080,"/vien-cong-nghe-thong-tin-va-truyen-thong-20-nam-xay-dung-va-truong-thanh"
9038,"/thong-bao-cap-bang-tot-nghiep-dai-hoc-chinh-quy-thang-3-nam-2019"
9030,"/phat-dong-cuoc-thi-ptit-ky-tuc-xa-cua-toi-2019"
9025,"/thong-tin-tuyen-dung-nhan-su-it"
9022,"/thong-bao-ve-viec-phat-dong-va-the-le-cuoc-thi-nhung-cuon-sach-cua-tuoi-tre"
9018,"/tung-bung-ngay-hoi-tu-van-tuyen-sinh-2019"
9015,"/thong-bao-tuyen-sinh-trinh-do-tien-sy-nam-2019"
9010,"/cong-ty-imt-solution-thong-bao-tuyen-dung"
9006,"/thong-bao-hoc-bong-toan-phan-sau-dai-hoc-toyama"
8968,"/thong-bao-ve-viec-thu-ho-so-xet-mien-giam-hoc-phi-va-ho-tro-chi-phi-hoc-tap-hoc-ky-2-nam-hoc-2018-2019"
8965,"/nashtech-thong-bao-chuong-trinh-open-day"
8962,"/cong-ty-smartosc-tuyen-dung-fresher-php"
8958,"/chuong-trinh-trao-doi-sinh-vien-nghien-cuu-sinh-giua-hoc-vien-va-dai-hoc-palermo-italia-theo-dien-hoc-bong-eramus-nam-hoc-2018-2019-dot-2"
8952,"/thong-bao-chuong-trinh-trao-doi-sinh-vien-sep-giua-hoc-vien-cong-nghe-buu-chinh-vien-thong-va-hoc-vien-giao-duc-tmc-singapore"
8944,"/hoc-vien-cong-nghe-buu-chinh-vien-thong-den-tham-va-lam-viec-tai-hoc-vien-viettel"
8940,"/samsung-svm-tuyen-dung-ky-su-lap-trinh-lam-viec-tai-trung-tam-svmc-ha-noi-2"
8935,"/samsung-svm-tuyen-dung-ky-su-lap-trinh-lam-viec-tai-trung-tam-svmc-ha-noi"
8932,"/thong-bao-ve-viec-hoan-phat-bang-le-tai-co-so-dao-tao-ha-dong-trong-tuan-09-nam-2019"
8930,"/thong-bao-ve-viec-tham-du-chuong-trinh-trao-doi-trong-khuon-kho-du-an-marco-polo-2"
8922,"/thong-bao-ve-viec-tham-du-chuong-trinh-trao-doi-trong-khuon-kho-du-an-marco-polo"
8923,"/thong-bao-cap-bang-tot-nghiep-tien-sy-thac-sy-va-dai-hoc-thang-2-nam-2019"
8919,"/cong-ty-tnhh-seicho-thong-bao-tuyen-dung-2"
8917,"/cong-ty-sekisho-viet-nam-thong-bao-tuyen-dung-2"
8912,"/cong-ty-sekisho-viet-nam-thong-bao-tuyen-dung"
8871,"/nu-tien-si-dau-tien-o-viet-nam-nhan-bang-sang-che-cua-my"
8866,"/thu-moi-tham-du-hoi-thao-ung-dung-ai-trong-linh-vuc-y-te-medical-ai"
8860,"/thong-bao-chuong-trinh-hoc-bong-tham-du-trai-he-van-hoa-thai-lan-2019-2"
8853,"/thong-bao-chuong-trinh-hoc-bong-tham-du-trai-he-van-hoa-thai-lan-2019"
8844,"/le-cong-bo-quyet-dinh-giao-nhiem-vu-cho-can-bo"
8839,"/tu-cau-hoc-tro-bo-hoc-cay-game-den-thu-khoa-dau-tien-nganh-an-toan-thong-tin-ptit"
8834,"/gap-go-vu%cc%83-quang-minh-thu-khoa-dau-ra-khoa-d13"
8830,"/cong-ty-co-phan-misa-thong-bao-chuong-trinh-tuyen-dung-fresher-android"
8819,"/luvina-tuyen-dung-40-lap-trinh-da-ngon-ngu-2"
8817,"/luvina-tuyen-dung-40-lap-trinh-da-ngon-ngu"
8810,"/thong-bao-tuyen-sinh-trinh-do-thac-si-dot-1-nam-2019"
8797,"/thong-bao-huong-dan-so-ket-hoc-ky-1-nam-hoc-2018-2019"
8790,"/tang-2-bac-so-voi-nam-2018-hoc-vien-cong-nghe-buu-chinh-vien-thong-lot-top-10-truong-dai-hoc-theo-bang-xep-hang-webometric"
8776,"/hoc-vien-cong-nghe-buu-chinh-vien-thong-khong-thay-doi-phuong-an-tuyen-sinh-dai-hoc-chinh-quy-nam-2019-cap-hoc-bong-toan-phan-cho-toan-thoi-gian-dao-tao-cho-thi-sinh-tu-27-diem-tro-len"
8772,"/thong-tin-tuyen-sinh-dai-hoc-nam-2019-he-chinh-quy"
8730,"/thu-chuc-tet-ky-hoi-2019-cua-giam-doc-hoc-vien-cong-nghe-buu-chinh-vien-thong"
8727,"/cong-ty-tnhh-seicho-thong-bao-tuyen-dung"
8719,"/thong-bao-chi-kinh-phi-mien-giam-hoc-phi-ho-tro-chi-phi-hoc-tap-va-hoc-bong-chinh-sach"
8762,"/le-cong-bo-quyet-dinh-bo-nhiem-can-bo-9"
8755,"/gap-mat-giang-vien-thinh-giang-nhan-dip-xuan-ky-hoi-2019"
8734,"/chuong-trinh-thap-lua-ngay-dong-2019"
8705,"/thong-bao-cap-bang-tot-nghiep-dot-2-thang-12-nam-2018"
8706,"/viettel-vnpt-bkav-dong-loat-tuyen-dung-sinh-vien-nam-3-4-lam-thuc-tap-sinh-an-toan-thong-tin"
8696,"/gan-20-sinh-vien-ptit-moi-ra-truong-co-luong-khoi-diem-tren-15-trieu-dong-thang"
8679,"/chung-ket-cuoc-thi-tieng-hat-sinh-vien-ptit-2018"
8559,"/hoc-vien-cong-nghe-buu-chinh-vien-thong-khai-man-vong-truong-cuoc-dua-so"
8507,"/ket-qua-xet-tot-nghiep-thang-12-2018"
8504,"/ket-qua-xet-tot-nghiep-thang-10-2018"
8500,"/ket-qua-xet-tot-nghiep-thang-06-2018"
8495,"/ket-qua-xet-tot-nghiep-thang-03-2018-2"
8492,"/ket-qua-xet-tot-nghiep-thang-04-2018"
8487,"/ket-qua-xet-tot-nghiep-thang-03-2018"
8479,"/thong-bao-cap-bang-tot-nghiep-thang-01-nam-2018"
8447,"/thong-bao-ket-luan-cua-hoi-dong-xet-cap-hoc-bong-xet-cap-hoc-bong-cho-sinh-vien-cd-dh-chinh-quy-hoc-ky-2-nam-hoc-2017-2018"
8444,"/thong-bao-lich-nghi-tet-nguyen-dan-2019-cua-sinh-vien-tai-co-dao-tao-ha-noi"
8431,"/bao-cao-tinh-hinh-viec-lam-cua-sinh-vien-tot-nghiep-nam-2017"
8441,"/thong-bao-chuc-dot-mua-bo-sung-bhyt-sinh-vien-dai-hoc-cao-dang-lien-thong-chinh-quy"
8310,"/thong-bao-chuong-trinh-trao-doi-sinh-vien-nghien-cuu-sinh-giua-hoc-vien-va-dai-hoc-palermo-italia-theo-dien-hoc-bong-eramus-nam-hoc-2018-2019-dot-2"
8306,"/huma-tuyen-dung-sinh-vien-tot-nghiep-nam-2019"
8294,"/hoc-vien-cong-nghe-buu-chinh-vien-thong-co-thanh-pho-ho-chi-minh-nhan-huan-chuong-lao-dong-hang-ba"
8210,"/ngay-hoi-giao-luu-doanh-nghiep-va-sinh-vien-lan-thu-14-tai-hoc-vien"
8204,"/nha-vo-dich-pham-duc-huy-truyen-cam-hung-cho-sinh-vien-hoc-vien-cong-nghe-buu-chinh-vien-thong-2"
8200,"/bat-ngo-voi-man-thu-toi-cua-pham-duc-huy-trong-tran-ck-luot-di-aff-cup-2"
8185,"/hoc-vien-cong-nghe-buu-chinh-vien-thong-3-nam-lien-tuc-hoan-thanh-xuat-sac-cac-noi-dung-du-motorola"
8075,"/tong-cong-ty-ha-tang-mang-thong-bao-tuyen-dung"
7969,"/thong-bao-ke-hoach-thu-hoc-lai-lop-rieng-cua-sinh-vien-khoa-2014-va-cac-khoa-truoc-con-no-mon"
7946,"/trung-tam-dao-tao-quoc-te"
7925,"/van-ban-quy-dinh"
7878,"/trao-thuong-sinh-vien-dat-giai-cac-cuoc-thi-trong-linh-vuc-cong-nghe-thong-tin-nam-2018"
7819,"/nha-vo-dich-pham-duc-huy-truyen-cam-hung-cho-sinh-vien-hoc-vien-cong-nghe-buu-chinh-vien-thong"
7827,"/da-co-68-sinh-vien-ptit-nhan-duoc-hoc-bong-tai-nang-samsung"
8180,"/hoc-vien-cong-nghe-buu-chinh-vien-thong-khai-truong-phong-hoc-tieng-anh-truc-tuyen"
7887,"/vtv1-phat-phong-su-ve-giai-phap-quan-ly-chi-dong-ho-nuoc-ezwater-cua-cdit"
8062,"/11-sinh-vien-hoc-vien-cong-nghe-buu-chinh-vien-thong-nhan-hoc-bong-tai-nang-samsung-stp-2018"
7900,"/sinh-vien-le-duy-bach-duoc-trao-giai-vo-dich-chuyen-tin-tai-cuoc-thi-olympic-tin-hoc-sinh-vien-viet-nam-lan-thu-27"
7859,"/sinh-vien-tai-nang-cntt-giup-dat-nuoc-vuon-len-trong-cuoc-cmcn-4-0"
8078,"/le-mit-tinh-ky-niem-ngay-nha-giao-viet-nam-2011"
7897,"/thu-chuc-mung-cua-giam-doc-hoc-vien-nhan-dip-ky-niem-35-nam-ngay-nha-giao-viet-nam-20-11"
7871,"/bo-truong-bo-tttt-gui-thu-chuc-mung-nhan-ngay-nha-giao-viet-nam-2011"
8206,"/quy-tiep-suc-den-truong-ho-tro-cho-sinh-vien-nguyen-van-chien"
8085,"/soi-noi-cac-hoat-dong-chao-mung-ngay-nha-giao-viet-nam-2011"
7977,"/dua-ptit-phat-trien-tro-thanh-trung-tam-nghien-cuu-uy-tin-cua-khu-vuc-2"
8067,"/hon-1000-sinh-vien-ptit-tham-gia-chuong-trinh-hien-mau-tinh-nguyen-ptit-hong-2018"
7947,"/2-doi-cua-ptit-gianh-quyen-vao-thi-chung-khao-sinh-vien-voi-toan-thong-tin-2018"
7963,"/chien-luoc-hop-tac-quoc-te-cua-cac-truong-dai-hoc-tai-viet-nam"
8101,"/hoc-vien-dat-ket-qua-cao-tai-giai-dien-kinh-sinh-vien-cac-truong-dai-hoc-hoc-vien-va-cao-dang-khu-vuc-ha-noi-nam-2018"
7959,"/hoc-vien-cong-nghe-buu-chinh-vien-thong-chuc-thanh-cong-hoi-nghi-atc18"
8214,"/hoc-vien-cong-nghe-buu-chinh-vien-thong-chuc-thanh-cong-hoi-nghi-kse-nam-2018"
7981,"/ptit-co-2-doi-gianh-quyen-vao-thi-chung-khao-sinh-vien-voi-toan-thong-tin-2018"
8220,"/hoi-trai-chao-sinh-vien-2018"
8279,"/ngay-hoi-svmc-day-2018"
7845,"/hoc-vien-cong-nghe-buu-chinh-vien-thong-trien-khai-dao-tao-va-danh-gia-ky-nang-tin-hoc-va-tieng-anh-cho-sinh-vien-theo-cac-tieu-chuan-quoc-te"
7988,"/ptit-va-iig-viet-nam-bat-tay-lap-trung-tam-khao-thi-tieng-anh-tin-hoc-quoc-te"
8000,"/17-don-vi-doanh-nghiep-mang-hon-5-000-co-hoi-viec-lam-den-ngay-hoi-tuyen-dung-ptit-2018"
7994,"/20-sinh-vien-ptit-se-duoc-trao-hoc-bong-tai-nang-samsung-2018-tri-gia-tu-65-113-trieu-dongsuat"
8229,"/trien-lam-multimedia-expo-2018-voi-chu-de-trien-vong-va-co-hoi-cho-nganh-multimedia"
8316,"/hoi-nghi-tong-ket-cong-tac-doan-phong-trao-thanh-nien-nam-hoc-2017-2018-va-trien-khai-hoat-dong-nam-hoc-2018-2019-2"
8104,"/khoi-dong-chuong-trinh-hoc-bong-tai-nang-samsung-stp-2018"
8108,"/hoi-thao-hoc-bong-tai-nang-samsung-stp-2018"
8113,"/hoi-nghi-tong-ket-cong-tac-doan-phong-trao-thanh-nien-nam-hoc-2017-2018-va-trien-khai-hoat-dong-nam-hoc-2018-2019"
7933,"/sinh-vien-ptit-duoc-vinh-danh-tai-le-tuyen-duong-thu-khoa-xuat-sac-tot-nghiep-cac-truong-dai-hoc-hoc-vien-tren-dia-ban-thanh-pho-ha-noi-nam-2018"
8281,"/dang-ky-tham-gia-svmc-open-day-dot-2-nam-2018"
8110,"/hoi-nghi-tuyen-truyen-nang-cao-nhan-thuc-ve-cong-tac-thong-tin-doi-ngoai"
8097,"/le-cong-bo-quyet-dinh-giao-nhiem-vu-can-bo"
8450,"/huong-dan-thu-tuc-de-nghi-cap-ban-sao-van-bang-tot-nghiep-dai-hoc-tu-goc"
8236,"/dong-dao-sinh-vien-hoc-vien-co-tham-du-hoi-thao-technical-artists-su-ket-hop-3d-va-tu-dong-hoa"
8242,"/tung-bung-ky-niem-65-nam-truong-buu-dien"
8253,"/gap-mat-mat-cac"
8322,"/le-khai-giang-nam-hoc-2018-2019-tai-hoc-vien-cong-nghe-buu-chinh-vien-thong-co-thanh-pho-ho-chi-minh"
8271,"/dang-ky-tham-du-chuong-trinh-svmc-open-day-2018"
7874,"/hoi-trai-nhiet-xanh-ptit-ky-niem-65-nam-thanh-lap-truong-buu-dien"
8274,"/chuong-trinh-svmc-open-day-2018"
7868,"/toan-van-phat-bieu-cua-quyen-bo-truong-thong-tin-va-truyen-thong-nguyen-manh-hung-tai-le-khai-giang-nam-hoc-2018-2019"
7862,"/sanh-vai-voi-cuong-quoc-nam-chau-phai-dua-vao-nghien-cuu-khoa-hoc-cong-nghe"
7830,"/nu-sinh-ptit-gianh-huy-chuong-dong-cuoc-thi-thiet-ke-hoa-gioi-nam-2018"
8329,"/sinh-vien-khoa-2018-tham-gia-tuan-sinh-hoat-cong-dan-sinh-vien"
8333,"/don-tan-sinh-vien-khoa-2018"
8287,"/le-ket-chuong-trinh-hop-tac-nam-2018-giua-ptit-va-samsung-viet-nam"
8283,"/dang-ky-tham-gia-svmc-open-day-dot-2-nam-2018-2"
8289,"/ptit-su-dung-co-hieu-qua-phong-lab-phat-trien-ung-dung-samsung-tai-tro"
8008,"/ptit-de-xuat-trien-khai-giai-phap-ezlife-cho-mo-hinh-thanh-pho-thong-minh-tai-hoi"
8453,"/thong-bao-tuyen-sinh-dao-tao-ky-su-chat-luong-cao-nganh-cong-nghe-thong-tin"
8456,"/chu-de-game-art-thu-hut-sinh-vien-trong-chuong-trinh-truong-da-phuong-tien"
8014,"/ptit-cong-bo-diem-chuan-trung-tuyen-2018-nganh-moi-thuong-mai-dien-tu-2005-diem"
8024,"/tuyen-sinh-2018-2-cach-xem-ket-qua-xet-tuyen-dai-hoc-chinh-quy-dot-1-vao-ptit"
8028,"/vien-cntttt-xay-cong-thong-tin-thuc-te-ao-quang-ba-du-lich-nam-tra"
8032,"/ptit-tuyen-sinh-120-chi-tieu-ky-su-chat-luong-cao-nganh-cntt-nam-2018"
8035,"/ptit-cung-ega-hop-tac-nghien-cuu-va-phat-trien-ve-quan-tri-dien-tu"
8039,"/ptit-tu-van-tuyen-sinh-dai-hoc-chinh-quy-nam-2018-truc-tuyen-vao-sang-197"
8043,"/ptit-cong-bo-muc-diem-nhan-ho-dang-ky-xet-tuyen-dai-hoc-chinh-quy-2018"
7838,"/mo-nganh-moi-thuong-mai-dien-tu-ptit-tuyen-60-sinh-vien-khoa-dau-tien"
8048,"/giam-doc-ptit-vu-van-san-duoc-bo-nhiem-chuc-danh-pho-giao-su"
8341,"/hoc-vien-cong-nghe-buu-chinh-vien-thong-trao-bang-cho-07-tan-tien-sy-va-92-tan-thac-sy"
8053,"/ptit-se-hop-tac-voi-cac-doanh-nghiep-ict-lon-thiet-lap-quy-khoa-hoc-cong-nghe"
8057,"/nhung-ung-dung-noi-bat-cua-cong-nghe-thuc-te-ao-tai-viet-nam"
8268,"/cuoc-thi-lap-trinh-quoc-te-samsung-scpc-nam-2018"
8264,"/samsung-viet-nam-chinh-thuc-phat-dong-cuoc-thi-lap-trinh-quoc-te-scpc-2018"
7904,"/tu-cau-hoc-tro-bo-hoc-cay-game-den-thu-khoa-dau-tien-nganh-toan-thong-tin-ptit"
8804,"/chung-ket-va-trao-giai-cuoc-thi-robot-giai-ma-me-cung-ptit-2018"
8260,"/cuoc-thi-lap-trinh-quoc-te-samsung-scpc-2018"
8122,"/svmc-thong-bao-chuong-trinh-thuc-tap-ky-nam-2018"
8258,"/sinh-vien-hoc-vien-cong-nghe-buu-chinh-vien-thong-co-nhieu-co-hoi-lam-viec-trong-moi-truong-chuyen-nghiep"
8134,"/hoi-thao-tuyen-dung-samsung-2018"
8349,"/hoi-thao-khoa-hoc-sinh-vien-nam-2018"
8356,"/bo-nhiem-vien-truong-vien-kinh-te-buu-dien"
8417,"/ptit-tuyen-thang-mien-hoc-phi-nam-thu-nhat-cho-thi-sinh-dat-tu-27-diem-tro-len"
8276,"/hon-450-hoc-sinh-thpt-tham-gia-trai-nghiem-open-day-ptit-2018"
8129,"/trung-tam-nghien-cuu-va-phat-trien-dien-thoai-di-dong-samsung-viet-nam-svmc"
8960,"/chuong-trinh-hoc-bong-trao-doi-sinh-vien-giang-vien-va-can-bo-erasmus-nam-hoc-2017-2018"
8412,"/nam-2018-ptit-se-mo-chuyen-nganh-moi-phan-tich-du-lieu-marketing"
8360,"/hoc-vien-cong-nghe-buu-chinh-vien-thong-thanh-lap-trung-tam-dich-vu"
8366,"/thu-chuc-tet-cua-giam-doc-hoc-vien-cong-nghe-buu-chinh-vien-thong-3"
8409,"/ptit-gop-240-nhan-vien-cho-trung-tam-rd-cua-samsung-viet-nam"
8404,"/danh-gia-cao-hop-tac-giua-hoc-vien-cong-nghe-buu-chinh-vien-thong-ptit-va-cong-ty-samsung-electronics-viet-nam-uy-vien-trung-uong-dang-bo-truong-bo-tttt-truong-minh-tuan-mong-muon-hoc-vien-se-nha"
8398,"/ptit-du-kien-tang-chi-tieu-tuyen-sinh-dai-hoc-nganh-cntt-toan-thong-tin-nam-2018"
8172,"/thu-truong-phan-tam-hoc-vien-cong-nghe-buu-chinh-vien-thong-di-dau-phat-trien-nguon-nhan-luc"
8161,"/le-tong-ket-khoa-hoc-va-trao-bang-tien-si-thac-si-dot-1-nam-2018-tai-hoc-vien-co"
8155,"/hoc-vien-cong-nghe-buu-chinh-vien-thong-lan-thu-tu-lien-tiep-tang-thu-bac-trong-bang-xep-hang-webometrics"
8393,"/hoc-vien-cong-nghe-bcvt-vuon-len-thu-12-trong-bang-xep-hang-cac-dai-hoc-viet-nam"
8376,"/khai-thac-mang-internet-tro-thanh-ky-nang-quan-trong-voi-tan-ky-su-cu-nhan"
8167,"/giang-vien-hoc-vien-cong-nghe-buu-chinh-vien-thong-nhan-chung-chi-mtt"
8145,"/hoc-vien-cong-nghe-buu-chinh-vien-thong-dat-chuan-kiem-dinh-chat-luong-co-giao-duc"
8136,"/cyber-space-va-team-la-dai-dien-cua-ptit-tham-gia-tranh-tai-tai-vong-chung-ket-cuoc-dua-2017-2018"
8372,"/doanh-nghiep-nga-sang-viet-nam-tim-doi-tac-phat-trien-san-pham-toan-thong-tin"
8383,"/gan-30-sinh-vien-moi-ra-truong-cua-ptit-co-luong-hon-10-trieu-dongthang"
7816,"/viettel-quang-ninh-thong-bao-tuyen-dung"
7806,"/thu-truong-bo-giao-duc-va-dao-tao-bui-van-ga-kiem-tra-cong-tac-chuc-ky-thi-thpt-quoc-gia-nam-2017-tai-tinh-yen-bai"
7792,"/bo-truong-bo-buu-chinh-vien-thong-lao-sang-tham-va-lam-viec-voi-hoc-vien"
7789,"/cong-ty-co-phan-dich-vu-buu-chinh-vien-thong-sai-gon-tuyen-dung"
7781,"/hoc-vien-cong-nghe-buu-chinh-vien-thong-phoi-hop-voi-vien-cong-nghe-giao-thong-van-tai-nghien-cuu-trien-khai-mot-ung-dung-phan-mem-cuu-ho-giao-thong"
7764,"/thong-bao-xet-cap-hoc-bong-cho-sinh-vien-cd-dh-chinh-quy-hoc-ky-1-nam-hoc-2016-2017-2"
7760,"/thong-bao-xet-cap-hoc-bong-cho-sinh-vien-cd-dh-chinh-quy-hoc-ky-1-nam-hoc-2016-2017"
7757,"/hoc-vien-cong-nghe-buu-chinh-vien-thong-tuyen-thang-mien-hoc-phi-nam-dau-cho-thi-sinh-tu-27-diem-3"
7751,"/cong-ty-tnhh-pixelz-thong-bao-tuyen-dung-2"
7749,"/cong-ty-tnhh-pixelz-thong-bao-tuyen-dung"
7747,"/hoc-vien-cong-nghe-buu-chinh-vien-thong-da-san-sang-cho-ky-thi-trung-hoc-pho-thong-quoc-gia-2017"
7743,"/thong-bao-cap-bang-tot-nghiep-dai-hoc-thang-06-nam-2017"
7740,"/thong-bao-tuyen-sinh-trinh-thac-si-dot-2-nam-2017"
7735,"/fpt-software-thong-bao-tuyen-dung-2"
7732,"/fpt-software-thong-bao-tuyen-dung"
7724,"/hoc-vien-cong-nghe-buu-chinh-vien-thong-thanh-lap-trung-tam-dao-tao-quoc-te"
7714,"/thong-bao-moi-viet-bai-hoi-nghi-khoa-hoc-dao-tao-va-nghien-cuu-khoa-hoc-huong-toi-cach-mang-cong-nghiep-4-0-2"
7706,"/thong-bao-moi-viet-bai-hoi-nghi-khoa-hoc-dao-tao-va-nghien-cuu-khoa-hoc-huong-toi-cach-mang-cong-nghiep-4-0"
7704,"/thong-bao-chuong-trinh-hoc-bong-motorola-2"
7702,"/thong-bao-chuong-trinh-hoc-bong-motorola"
7698,"/thong-bao-tuyen-dung-2"
7693,"/motorola-foundation-tai-tro-20-000-usd-cho-hoat-dong-nghien-cuu-cua-hoc-vien-cong-nghe-buu-chinh-vien-thong"
7691,"/thong-bao-nhap-hoc-trinh-thac-si-dot-1-nam-2017"
7689,"/gap-go-sinh-vien-vien-thong-va-doanh-nghiep-2"
7687,"/cuoc-thi-lap-trinh-quoc-te-samsung-2017-samsung-collegiate-programming-cup-2017-chinh-thuc-phat-dong-tai-viet-nam-2"
7685,"/y-tuong-hop-thuoc-thong-minh-gianh-giai-nhat-cuoc-thi-y-tuong-sang-tao-khoi-nghiep-sinh-vien-p-startup-2017-2"
7683,"/talkshow-huong-nghiep-khoi-dong-tuong-lai-2"
7681,"/sinh-vien-dai-hoc-rennes-polytech-lille-cong-hoa-phap-thuc-tap-tai-hoc-vien-cong-nghe-buu-chinh-vien-thong-co-thanh-pho-ho-chi-minh-2"
7679,"/sinh-vien-hoc-vien-tham-gia-sinh-hoat-chuyen-de-ve-su-vo-cam-va-tho-o-2"
7672,"/gap-go-sinh-vien-vien-thong-va-doanh-nghiep"
7668,"/trung-tam-quan-ly-dieu-hanh-mang-thong-bao-tuyen-dung-3"
7659,"/cuoc-thi-lap-trinh-quoc-te-samsung-2017-samsung-collegiate-programming-cup-2017-chinh-thuc-phat-dong-tai-viet-nam"
7651,"/benh-vien-nhi-trung-uong-trien-khai-thong-ho-tro-dao-tao-truc-tuyen-nhi-khoa-tien-lam-sang-dua-tren-nan-tang-cong-nghe-thuc-tai-ao-2"
7644,"/hoc-vien-cong-nghe-buu-chinh-vien-thong-se-dat-van-phong-dai-dien-tai-da-nang"
7642,"/thong-bao-hoan-phat-bang-le-tai-co-dao-tao-ha-dong-trong-tuan-25-nam-2017"
7630,"/y-tuong-hop-thuoc-thong-minh-gianh-giai-nhat-cuoc-thi-y-tuong-sang-tao-khoi-nghiep-sinh-vien-p-startup-2017"
7626,"/thong-bao-tuyen-sinh-vien-thuc-tap-vi-tri-presales-khoi-nganh-cong-nghe-thong-tin-phan-mem"
7623,"/thong-bao-tuyen-sinh-vien-thuc-tap-vi-tri-presales-khoi-nganh-cong-nghe-thong-ton-phan-mem"
7621,"/cong-ty-co-phan-dich-vu-ky-thuat-vien-thong-thong-bao-tuyen-dung-2"
7619,"/cong-ty-co-phan-dich-vu-ky-thuat-vien-thong-thong-bao-tuyen-dung"
7617,"/thong-bao-danh-sach-trung-tuyen-trinh-thac-si-dot-1-nam-2017"
7614,"/cong-ty-co-phan-vien-thong-tin-hoc-buu-dien-thong-bao-tuyen-dung-2"
7611,"/cong-ty-co-phan-vien-thong-tin-hoc-buu-dien-thong-bao-tuyen-dung"
7599,"/khai-giang-cac-khoa-dao-tao-chuyen-doi-cong-nghe-thong-tin-cap-2-nam-2017"
7582,"/talkshow-huong-nghiep-khoi-dong-tuong-lai"
7579,"/sinh-vien-dai-hoc-rennes-polytech-lille-cong-hoa-phap-thuc-tap-tai-hoc-vien-cong-nghe-buu-chinh-vien-thong-co-thanh-pho-ho-chi-minh"
7575,"/lanh-dao-fpt-telecom-tham-va-lam-viec-tai-hoc-vien-co-thanh-pho-ho-chi-minh"
7572,"/thong-bao-diem-chuan-trung-tuyen-trinh-thac-si-dot-1-nam-2017"
7567,"/mobifone-thanh-pho-ha-noi-thong-bao-tuyen-dung-2"
7565,"/mobifone-thanh-pho-ha-noi-3-thong-bao-tuyen-dung"
7560,"/thong-bao-cong-bo-ket-qua-thi-tuyen-sinh-trinh-thac-si-dot-1-nam-2017"
7556,"/vien-cntttt-khoi-dong-trien-khai-cac-khoa-dao-tao-huong-nghiep-ve-toan-thong-tin"
7546,"/sinh-vien-hoc-vien-tham-gia-sinh-hoat-chuyen-de-ve-su-vo-cam-va-tho-o"
7517,"/thong-bao-tuyen-dung-giang-vien-nam-2017-dot-2"
7501,"/cong-ty-tnhh-cong-nghe-huawei-viet-nam-thong-bao-tuyen-dung"
7502,"/185-trung-bay-san-pham-khcn-tieu-bieu-nhan-ngay-khoa-hoc-cong-nghe-viet-nam-18-nguyen-du"
7475,"/hoc-vien-trung-bay-san-pham-khoa-hoc-cong-nghe-tai-hoi-nghi-khoa-hoc-cong-nghe-nganh-thong-tin-va-truyen-thong"
7507,"/hoc-vien-cong-nghe-buu-chinh-vien-thong-ky-thoa-thuan-hop-tac-voi-truong-dai-hoc-jeonju-han-quoc"
7468,"/sinh-vien-ptit-dien-tap-toan-thong-tin-tan-cong-chiem-quyen-dieu-khien-website-2"
7466,"/dai-hoi-dai-bieu-doan-tncs-ho-chi-minh-hoc-vien-cong-nghe-buu-chinh-vien-thong-lan-thu-vii-nhiem-ky-2017-2019-2"
7464,"/cong-ty-nissan-techno-vietnam-thong-bao-tuyen-dung-2"
7460,"/cong-ty-nissan-techno-vietnam-thong-bao-tuyen-dung"
7457,"/bo-truong-bo-thong-tin-va-truyen-thong-gui-thu-chuc-mung-nhan-ngay-nhan-ngay-khoa-hoc-va-cong-nghe-viet-nam"
7470,"/khai-giang-khoa-dao-tao-trinh-tien-sy-dot-1-nam-2017"
7520,"/hop-tac-ptit-co-thanh-pho-ho-chi-minh-va-shtp-training-centrer"
7451,"/sinh-vien-ptit-dien-tap-toan-thong-tin-tan-cong-chiem-quyen-dieu-khien-website"
7447,"/cong-ty-co-phan-cong-nghe-va-truyen-thong-viet-nam-vntt-thong-bao-tuyen-dung-2"
7443,"/cong-ty-co-phan-cong-nghe-va-truyen-thong-viet-nam-vntt-thong-bao-tuyen-dung"
7427,"/dai-hoi-dai-bieu-doan-tncs-ho-chi-minh-hoc-vien-cong-nghe-buu-chinh-vien-thong-lan-thu-vii-nhiem-ky-2017-2019"
7425,"/2-suat-hoc-bong-thuc-tap-tai-vien-khoa-hoc-va-cong-nghe-tien-tien-nhat-ban-jaist-da-thuoc-ve-02-sinh-vien-hoc-vien-cong-nghe-buu-chinh-vien-thong-2"
7416,"/2-suat-hoc-bong-thuc-tap-tai-vien-khoa-hoc-va-cong-nghe-tien-tien-nhat-ban-jaist-da-thuoc-ve-02-sinh-vien-hoc-vien-cong-nghe-buu-chinh-vien-thong"
7402,"/hoat-dong-nghien-cuu-khoa-hoc-se-khuyen-khich-va-tao-dong-luc-cho-sinh-vien-khong-ngung-sang-tao-chinh-phuc-tri-thuc-moi"
7400,"/thong-bao-ket-qua-danh-gia-phan-loai-ho-va-dinh-huong-nghien-cuu-cua-ung-vien-du-tuyen-nghien-cuu-sinh-dot-1-nam-2017"
7398,"/clb-sinh-vien-tinh-nguyen-hoc-vien-cong-nghe-buu-chinh-vien-thong-7-nam-chung-tay-vi-cong-dong-2"
7391,"/clb-sinh-vien-tinh-nguyen-hoc-vien-cong-nghe-buu-chinh-vien-thong-7-nam-chung-tay-vi-cong-dong"
7385,"/thong-bao-cap-bang-tot-nghiep-dai-hoc-cao-dang-thang-05-nam-2017"
7374,"/cong-ty-co-phan-phat-trien-giao-duc-quoc-te-dong-duong-ha-noi-thong-bao-tuyen-dung-2"
7372,"/cong-ty-co-phan-phat-trien-giao-duc-quoc-te-dong-duong-ha-noi-thong-bao-tuyen-dung"
7367,"/thong-bao-ve-chuong-trinh-tri-thuc-tre-vi-giao-duc-nam-2017"
7365,"/thi-sinh-cuoc-thi-sang-tao-khoi-nghiep-sinh-vien-ptit-p-startup-2017-tham-quan-mo-hinh-khoi-nghiep-projectkit-cua-doanh-nhan-bui-sy-nguyen-2"
7363,"/chung-ket-cuoc-thi-tieng-hat-sinh-vien-ptit-2017-2"
7361,"/24-nhom-thi-sinh-tham-gia-cuoc-thi-y-tuong-sang-tao-khoi-nghiep-sinh-vien-p-startup-2017-khoi-dong-hoat-dong-dau-tien-ve-thuyet-minh-y-tuong-sang-tao-2"
7344,"/hoi-thhoi-thao-giai-phap-kiem-trong-mang-quang-cua-anritsu"
7341,"/thong-bao-danh-sach-thi-sinh-va-cac-phong-thi-tuyen-sinh-trinh-thac-si-dot-1-nam-2017"
7337,"/trung-tam-elp-english-thong-bao-tuyen-dung-2"
7333,"/trung-tam-elp-english-thong-bao-tuyen-dung"
7353,"/thi-sinh-cuoc-thi-sang-tao-khoi-nghiep-sinh-vien-ptit-p-startup-2017-tham-quan-mo-hinh-khoi-nghiep-projectkit-cua-doanh-nhan-bui-sy-nguyen"
7329,"/bank-visit-chuong-trinh-tham-quan-thuc-te-ngan-hang"
7327,"/trung-tam-phat-trien-phan-mem-lg-thong-bao-tuyen-dung-2"
7325,"/trung-tam-phat-trien-phan-mem-lg-thong-bao-tuyen-dung"
7323,"/thong-bao-danh-sach-thi-sinh-du-thi-tuyen-sinh-trinh-thac-si-dot-1-nam-2017"
7376,"/%ef%bb%bf%ef%bb%bf-smart-emotion-2017-quy-tu-nhieu-san-pham-ung-dung-cong-nghe-thong-minh"
7320,"/thong-bao-lich-chung-ket-cuoc-dua-chu-de-khong-nguoi-lai-2016-2017"
7317,"/cong-ty-co-phan-vien-thong-fpt-thong-bao-tuyen-chon-nguon-sinh-vien-chat-luong-cao-cho-chuong-trinh-sinh-vien-cong-nghe-tap-su-2017"
7309,"/chung-ket-cuoc-thi-tieng-hat-sinh-vien-ptit-2017"
7306,"/24-nhom-thi-sinh-tham-gia-cuoc-thi-y-tuong-sang-tao-khoi-nghiep-sinh-vien-p-startup-2017-khoi-dong-hoat-dong-dau-tien-ve-thuyet-minh-y-tuong-sang-tao"
7303,"/quyet-dinh-mien-thi-mon-tieng-anh-trong-ky-thi-tuyen-sinh-trinh-thac-si-dot-1-nam-2017"
7301,"/quyet-dinh-cong-nhan-hoan-thanh-chuong-trinh-bo-sung-kien-thuc-du-thi-tuyen-sinh-trinh-thac-si-dot-1-nam-2017"
7291,"/co-hoi-thuc-tap-tai-viettel-media-2"
7283,"/2704-chung-ket-cuoc-thi-tieng-hat-sinh-vien-hoc-vien-lan-thu-x-2017-hoi-truong-a2"
7280,"/cong-ty-tnhh-vkx-thong-bao-tuyen-dung"
7277,"/ky-thi-lap-trinh-theo-chuan-quoc-te-acmicpc-ptit-2017-2"
7274,"/google-chuc-chuong-trinh-huong-nghiep-ve-cong-nghe-danh-cho-sinh-vien-hoc-vien-2"
7271,"/sinh-vien-hao-hung-voi-ngay-hoi-doc-sach-ptit-2017-2"
7268,"/le-tong-ket-va-trao-bang-tot-nghiep-dai-hoc-chinh-quy-khoa-2012-2017-2"
7266,"/thu-khoa-dau-ra-cua-ptit-dau-quan-cho-trung-tam-rd-cua-samsung"
7259,"/ky-thi-lap-trinh-theo-chuan-quoc-te-acmicpc-ptit-2017"
7252,"/google-chuc-chuong-trinh-huong-nghiep-ve-cong-nghe-danh-cho-sinh-vien-hoc-vien"
7250,"/cong-ty-tnhh-tmdv-ccevents-thong-bao-tuyen-dung-2"
7242,"/cong-ty-tnhh-tmdv-ccevents-thong-bao-tuyen-dung"
7233,"/sinh-vien-hao-hung-voi-ngay-hoi-doc-sach-ptit-2017"
7231,"/125-hoi-nghi-khoa-hoc-sinh-vien-2017-tang-1-nha-a2"
7228,"/224-chung-ket-cuoc-thi-miss-hoi-truong-a2"
7225,"/chung-ket-cuoc-thi-miss"
7220,"/ptit-se-la-1-trong-4-truong-dai-hoc-vien-nghien-cuu-lon-duoc-tiep-can-voi-cong-nghe-dien-toan-biet-nhan-thuc-cua-ibm"
7211,"/cong-ty-tnhh-dasan-viet-nam-tuyen-thuc-tap-sinh"
7197,"/thong-bao-quyet-dinh-cong-nhan-hoc-vi-va-cap-bang-tien-si"
7195,"/thong-bao-hoan-phat-bang-le-tai-co-dao-tao-ha-dong-trong-tuan-16-nam-2017"
7178,"/le-tong-ket-va-trao-bang-tot-nghiep-dai-hoc-chinh-quy-khoa-2012-2017"
7171,"/chan-dung-thu-khoa-dai-hoc-chinh-quy-khoa-2012-nguyen-thi-binh"
7213,"/hoc-vien-cong-nghe-buu-chinh-vien-thong-tham-gia-trung-bay-san-pham-tai-trien-lam-broadcast-av-2017"
7154,"/thong-bao-ve-viec-chuc-tong-ket-trao-bang-tot-nghiep-dai-hoc-chinh-quy-nien-khoa-2012-2017-khoi-nganh-ky-thuat"
7151,"/fpt-telecom-thong-bao-chuong-trinh-sinh-vien-cong-nghe-tap-su-2017"
7149,"/cong-ty-cp-cong-nghe-thong-tin-dong-nam-seatech-thong-bao-tuyen-dung-2"
7146,"/cong-ty-cp-cong-nghe-thong-tin-dong-nam-seatech-thong-bao-tuyen-dung"
7128,"/hoi-thao-huong-nghiep-ve-cong-nghe"
7125,"/le-phat-dong-cuoc-thi-y-tuong-sang-tao-khoi-nghiep-sinh-vien-p-startup-2017-va-toa-dam-danh-thuc-khat-vong-khoi-nghiep"
7123,"/doi-sinh-vien-hoc-vien-cong-nghe-buu-chinh-vien-thong-lot-vao-vong-chung-ket-toan-quoc-cuoc-thi-cuoc-dua-xe-khong-nguoi-lai"
7120,"/giai-bong-da-sinh-vien-ptit-2017-2"
7110,"/le-phat-dong-cuoc-thi-y-tuong-sang-tao-khoi-nghiep-sinh-vien-p-startup-2017-va-toa-dam-danh-thuc-dam-khoi-nghiep"
7108,"/thong-bao-tuyen-sinh-dai-hoc-lien-thong-chinh-quy-nam-2017"
7102,"/doi-sinh-vien-hoc-vien-cong-nghe-buu-chinh-vien-thong-lot-vao-vong-chung-ket-toan-quoc-cuoc-dua-xe-khong-nguoi-lai"
7091,"/giai-bong-da-sinh-vien-ptit-2017"
7083,"/14-hoi-thao-googles-outreach-program-hoi-truong-a2"
7081,"/214-ngay-hoi-sach-doc-sach-la-phai-phong-cach-thu-vien-nha-a3"
7086,"/194-google-s-outreach-program-hoi-truong-quan-9-tphcm"
7079,"/124-le-phat-dong-cuoc-thi-y-tuong-sang-tao-khoi-nghiep-p-startup-va-tao-dam-danh-thuc-khat-vong-khoi-nghiep"
7062,"/day-manh-trien-khai-dao-tao-chuyen-nganh-thuong-mai-dien-tu-dap-ung-nhu-cau-nguon-nhan-luc-cua-cac-doanh-nghiep"
7065,"/luu-hoc-sinh-lao-tai-hoc-vien-cong-nghe-buu-chinh-vien-thong-ron-rang-don-tet-co-truyen-bunpimay"
7050,"/hoi-nghi-can-bo-cong-chuc-vien-chuc-nguoi-lao-dong-nam-2017"
6979,"/ptit-co-gan-29-000-m2-phuc-vu-cong-tac-dao-tao-nghien-cuu"
7044,"/sinh-vien-cao-dang-nghe-khoa-2013-2017-nhan-bang-tot-nghiep"
7027,"/khoi-dong-cuoc-thi-p-startuphoc-vien-cong-nghe-buu-chinh-vien-thong-nam-2017"
7038,"/ket-qua-xet-tot-nghiep-thang-042017"
7031,"/thong-bao"
7023,"/le-cuoc-thi-p-startup-hoc-vien-cong-nghe-buu-chinh-vien-thong-nam-2017"
6846,"/thong-bao-tuyen-sinh-dai-hoc-chinh-quy-nam-2017"
6671,"/thong-tin-tuyen-sinh-dai-hoc-chinh-quy-nam-2017"
7019,"/thong-bao-ngay-hoi-giao-duc-dai-hoc-quoc-te-tai-viet-nam-2017"
7016,"/khoi-dong-chuong-trinh-hoc-bong-tai-nang-samsung-2017-sinh-vien-nam-cuoi-cua-hoc-vien-se-duoc-samsung-tra-luong-ngay-tu-khi-chua-tot-nghiep"
7013,"/doi-sinh-vien-hoc-vien-cong-nghe-buu-chinh-vien-thong-quyet-tam-gianh-80-trieu-dong-tien-thuong-cua-vua-ban-hang-mua-1-3"
6994,"/thong-bao-danh-muc-cac-chuong-trinh-khoa-hoc-cong-nghe-trong-diem-nam-2017"
6985,"/cuu-sinh-vien-ptit-tiet-lo-bi-quyet-san-hoc-bong-du-hoc-nganh-vien-thong-o-han-quoc"
6977,"/nissan-techno-vietnam-ntv-thong-bao-tuyen-dung-2"
6974,"/nissan-techno-vietnam-ntv-thong-bao-tuyen-dung"
6968,"/samsung-khoi-dong-chuong-trinh-hoc-bong-tai-nang-samsung-2017-sinh-vien-nam-cuoi-cua-hoc-vien-se-duoc-samsung-tra-luong-ngay-tu-khi-chua-tot-nghiep"
6966,"/thong-bao-ve-viec-tu-van-va-thao-luan-ve-dang-ky-chuyen-nganh-cac-lop-d14cntt"
6954,"/trung-tam-quan-ly-dieu-hanh-mang-thong-bao-tuyen-dung-2"
6951,"/trung-tam-quan-ly-dieu-hanh-mang-thong-bao-tuyen-dung"
6937,"/cong-ty-svtech-thong-bao-tuyen-dung"
6934,"/cong-ty-tnhh-phan-mem-phuong-chi-thong-bao-tuyen-dung-2"
6931,"/cong-ty-tnhh-phan-mem-phuong-chi-thong-bao-tuyen-dung"
6928,"/thong-bao-tuyen-sinh-chuong-trinh-hoc-bong-toan-phan-bac-dai-hoc-panasonic-nam-2017"
6778,"/hoc-vien-cong-nghe-buu-chinh-vien-thong-chinh-thuc-khoi-dong-chuong-trinh-tu-van-tuyen-sinh-dai-hoc-chinh-quynam-2017"
6924,"/thong-bao-tuyen-dung-giang-vien-2"
6999,"/doi-sinh-vien-hoc-vien-cong-nghe-buu-chinh-vien-thong-quyet-tam-gianh-80-trieu-dong-tien-thuong-cua-vua-ban-hang-mua-1-2"
6921,"/cong-ty-tnhh-pixelz-tuyen-dung-sinh-vien-lap-trinh-dot-net-2"
6918,"/cong-ty-tnhh-pixelz-tuyen-dung-sinh-vien-lap-trinh-dot-net"
6900,"/chuan-dau-ra"
6894,"/hoi-thao-sinh-thai-thong-tin-di-dong-5g-va-cac-thach-thuc-nghien-cuu"
6833,"/hoc-vien-cong-nghe-buu-chinh-vien-thong-khong-gioi-han-chi-tieu-xet-tuyen-thang"
6888,"/hoc-vien-trien-khai-giai-doan-2-du-tang-cuong-nang-luc-tiep-can-viec-lam-cho-sinh-vien"
6886,"/thong-bao-ke-hoach-thu-hoc-phi-cac-mon-hoc-lai-cai-thien-van-bang-2-chinh-quy-hoc-ky-ii-nam-hoc-2016-2017-2"
6883,"/thong-bao-ke-hoach-thu-hoc-phi-cac-mon-hoc-lai-cai-thien-van-bang-2-chinh-quy-hoc-ky-ii-nam-hoc-2016-2017"
6880,"/thong-bao-ve-viec-thu-ho-xet-mien-giam-hoc-phi-va-ho-tro-chi-phi-hoc-tap-hoc-ky-2-nam-hoc-2016-2017"
6872,"/thong-bao-ve-viec-thu-ho-xet-mien-giam-hoc-phi-va-ho-tro-chi-phi-hoc-tap-hoc-ky-2-nam-hoc-2016-2017-2"
6866,"/vnpt-nghe-thong-bao-tuyen-dung-lao-dong"
6863,"/cong-ty-co-phan-vien-thong-tin-hoc-buu-dien-ctin-thong-bao-tuyen-dung-tai-ha-noi-2"
6860,"/cong-ty-co-phan-vien-thong-tin-hoc-buu-dien-ctin-thong-bao-tuyen-dung-tai-ha-noi"
6857,"/giang-vien-hoc-vien-duoc-giao-nhiem-vu-lam-tong-bien-tap-ky-thuat-tap-chi-rev-journal-electronics-communications-jec"
6855,"/vien-duoc-lieu-bo-y-te-thong-bao-tuyen-hop-dong-lao-dong"
6853,"/vien-duoc-lieu-bo-y-te-thong-bao-tuyen-hop-dong-lao-dong-trong-linh-vuc-cong-nghe-thong-tin"
6848,"/cac-hot-boy-9x-khoi-nghiep-0-dong-voi-sinh-thai-chung-cu-thong-minh"
6842,"/samsung-tiep-tuc-tuyen-dung-sinh-vien-nam-cuoi-cua-hoc-vien-vao-lam-viec-ngay-tu-nam-2017"
6829,"/thong-bao-xet-tuyen-thang-va-uu-tien-xet-tuyen-vao-dai-hoc-chinh-quy-nam-2017"
6827,"/thong-bao-ve-viec-thu-hoc-phi-ky-ii-nam-hoc-2016-2017-cac-lop-dh-cd-ltcq-co-ha-noi"
6823,"/thong-bao-thu-hoc-phi-ky-ii-nam-hoc-2016-2017"
6821,"/vnpt-lai-chau-thong-bao-tuyen-dung-2"
6818,"/vnpt-lai-chau-thong-bao-tuyen-dung"
6808,"/ron-rang-ngay-hoi-tu-van-tuyen-sinh-huong-nghiep-nam-2017-tai-nghe-va-thanh-hoa"
6805,"/cong-ty-co-phan-cac-thong-vien-thong-vineco-thong-bao-tuyen-dung-2"
6801,"/cong-ty-co-phan-cac-thong-vien-thong-vineco-thong-bao-tuyen-dung"
6790,"/ket-qua-xet-tot-nghiep-thang-032017"
6788,"/thong-bao-chuc-hoi-thao-tuyen-dung"
6785,"/vietsoftpro-thong-bao-tuyen-dung-2"
6782,"/vietsoftpro-thong-bao-tuyen-dung"
6714,"/gan-93-sinh-vien-hoc-vien-cong-nghe-buu-chinh-vien-thong-co-viec-lam-sau-6-thang-tot-nghiep"
6720,"/sinh-thai-chung-cu-thong-minh-cyhome-cua-sinh-vien-hoc-vien-lot-vao-vong-chung-ket-cuoc-thi-y-tuong-sang-tao-khoi-nghiep-sinh-vien-start-student-ideas-lan-thu"
6770,"/thong-bao-cap-giay-chung-nhan-tot-nghiep-tam-thoi-bang-diem-toan-khoa-va-tra-ho-hssv-cho-sinh-vien-dot-thang-32017"
6765,"/thong-bao-khoa-hoc-minh-thich-thi-minh-code-thoi-2017-2"
6763,"/cong-ty-phan-mem-luvina-tuyen-40-lap-trinh-3"
6760,"/thong-tin-tuyen-dung-cua-comas-corp-2"
6754,"/thong-bao-khoa-hoc-minh-thich-thi-minh-code-thoi-2017"
6752,"/cong-ty-phan-mem-luvina-tuyen-40-lap-trinh-2"
6749,"/cong-ty-phan-mem-luvina-tuyen-40-lap-trinh"
6747,"/sinh-thai-chung-cu-thong-minh-cyhome-cua-sinh-vien-hoc-vien-lot-vao-vong-chung-ket-cuoc-thi-y-tuong-sang-tao-khoi-nghiep-sinh-vien-start-student-ideas-lan-t"
6745,"/samsung-viet-nam-thong-bao-tuyen-dung-2"
6742,"/thong-bao-chuong-trinh-tu-van-ve-gioi-tinh-suc-khoe-sinh-san-cho-nu-sinh-vien"
6737,"/hoi-nghi-tap-huan-tu-van-ve-cong-tac-kiem-dinh-chat-luong-giao-duc"
6729,"/samsung-viet-nam-thong-bao-tuyen-dung"
6708,"/thong-tin-tuyen-dung-cua-comas-corp"
6698,"/tung-bung-ngay-hoi-tu-van-tuyen-sinh-2017"
6692,"/hoc-vien-cong-nghe-buu-chinh-vien-thong-tuyen-thang-mien-hoc-phi-nam-dau-cho-thi-sinh-tu-27-diem-2"
6678,"/ket-qua-xet-tot-nghiep-thang-022017"
6669,"/de-tuyen-sinh-dai-hoc-chinh-quy-nam-2017"
6665,"/thong-bao-tuyen-dung-ky-su-cong-nghe-thong-tin-cua-vien-thong-ninh-binh"
6661,"/thong-bao-tuyen-dung-lap-trinh-vien-cua-cong-ty-seta-international-viet-nam"
6654,"/bao-cao-tinh-hinh-viec-lam-cua-sinh-vien-tot-nghiep-nam-2015"
6652,"/thong-bao-tuyen-sinh-trinh-tien-sy-dot-1-nam-2017"
6646,"/thong-bao-xet-tuyen-dai-hoc-theo-hinh-thuc-giao-duc-tu-xa"
6622,"/hoc-vien-cong-nghe-buu-chinh-vien-thong-tang-3-bac-trong-bang-xep-hang-webometrics-binh-chon"
6601,"/cong-nghe-chup-hinh-thuc-te-ao-vien-cong-nghe-thong-tin-va-truyen-thong-cdit-phat-trien-lan-dau-tien-duoc-ung-dung-tai-viet-nam"
6562,"/nganh-ky-thuat-dien-tu-truyen-thong"
6556,"/thong-bao-tuyen-thuc-tap-java"
6613,"/hoc-vien-cong-nghe-buu-chinh-vien-thong-chuc-gap-mat-dau-xuan-dinh-dau-2017"
6527,"/thu-chuc-tet-cua-giam-doc-hoc-vien-cong-nghe-buu-chinh-vien-thong"
6525,"/thong-bao-tuyen-sinh-trinh-thac-si-dot-1-nam-2017"
6514,"/chuong-trinh-gap-ma%cc%a3t-tat-nien-2016-chao-xuan-dinh-dau-2017"
6501,"/gap-mat-can-bo-huu-tri-mung-xuan-dinh-dau"
6494,"/kien-toan-bo-may-lanh-dao-khoa-co-ban-1"
6492,"/20-sinh-vien-hoc-vien-nhan-hoc-bong-cua-cuoc-thi-samsung-software-challenge-2"
6488,"/hoc-vien-cong-nghe-buu-chinh-vien-thong-gap-mat-giang-vien-thinh-giang"
6482,"/20-sinh-vien-hoc-vien-nhan-hoc-bong-cua-cuoc-thi-samsung-software-challenge"
6469,"/le-trao-bang-tien-sy-thac-sy-nam-2017-dot-1"
6462,"/khoi-quan-ly-va-dao-tao-phia-bac-chuc-hoi-nghi-can-bo-cong-chuc-nam-2017"
6460,"/nhieu-hoat-dong-chao-mung-ngay-truyen-thong-hoc-sinh-sinh-vien-viet-nam-3"
6456,"/nhieu-hoat-dong-chao-mung-ngay-truyen-thong-hoc-sinh-sinh-vien-viet-nam-2"
6450,"/thong-bao-cap-bang-tot-nghiep-dot-thang-01-nam-2017"
6440,"/hon-20-000-luot-nguoi-tham-quan-trien-lam-ve-truong-sa-va-hoang-sa-hoc-vien-cong-nghe-buu-chinh-vien-thong-xay-dung"
6436,"/thong-bao-chuong-trinh-ho-tro-sinh-vien-ve-que-tet-nam-2017"
6434,"/thong-bao-tuyen-dung-luong-lon-ky-su-phat-trien-phan-mem-tai-lg-electronics-rd-center-nam-2017-2"
6432,"/thong-bao-tuyen-dung-luong-lon-ky-su-phat-trien-phan-mem-tai-lg-electronics-rd-center-nam-2017"
6429,"/thong-bao-tuyen-dung-luong-lon-ky-su-phat-trien-phan-mem-tai-lg-electronics-rd-center"
6418,"/3-nghien-cuu-sinh-xuat-sac-cua-hoc-vien-cong-nghe-buu-chinh-vien-thong-duoc-nhan-hoc-bong-cua-quy-motorola-foundation"
6447,"/sinh-vien-hoc-vien-duoc-nhan-giai-thuong-sinh-vien-nghien-cuu-khoa-hoc-nam-2016"
6411,"/thong-bao-cap-bang-tot-nghiep-dot-2-thang-12-nam-2016"
6409,"/thong-bao-tuyen-sinh-vien-thuc-tap-tai-bo-phan-digital-marketing-cua-viettel-telecom-3"
6406,"/thong-bao-tuyen-sinh-vien-thuc-tap-tai-bo-phan-digital-marketing-cua-viettel-telecom-2"
6403,"/thong-bao-tuyen-sinh-vien-thuc-tap-tai-bo-phan-digital-marketing-cua-viettel-telecom"
6395,"/thong-bao-cap-bang-dai-hoc-cao-dang-dot-1-thang-12-nam-2016"
2714,"/gap-mat-can-bo-huu-tri-mung-xuan-binh-than-2016"
2708,"/am-ap-dem-gap-mat-tat-nien-2015-va-chao-xuan-binh-than-2016"
6235,"/sinh-vien-hoc-vien-duoc-trao-giai-thuong-nu-sinh-tieu-bieu-trong-linh-vuc-ky-thuat-nam2016"
2559,"/hoc-vien-to-chuc-le-trao-bang-cho-133-tan-thac-sy-khoa-2013-dot-2-2712016"
2568,"/lanh-dao-hoc-vien-gap-mat-va-trao-qua-tet-cho-sinh-vien-co-hoan-canh-kho-khan"
6222,"/soi-dong-ngay-hoi-viec-lam-va-tuyen-dung-trong-linh-vuc-cong-nghe-thong-tin-va-truyen-thong-nam-2016"
6216,"/hop-mat-truyen-thong-ky-niem-va-giao-luu-ky-niem-72-nam-ngay-thanh-lap-quan-doi-nhan-dan-viet-nam-va-27-nam-ngay-hoi-quoc-phong-toan-dan"
2581,"/sinh-vien-hoc-vien-gianh-giai-ba-cuoc-thi-nha-sang-tao-viet-nam-voi-intel-galileo"
6231,"/sinh-vien-nganh-marketing-cua-hoc-vien-co-nhieu-co-hoi-lam-viec-tai-viettel-telecom"
3288,"/chuong-trinh-hoc-bong-cua-chinh-phu-australia-2"
6203,"/hoc-vien-cong-nghe-buu-chinh-vien-thong-phan-dau-tro-thanh-truong-trong-diem-quoc-gia-ve-ict"
6201,"/thong-bao-tuyen-dung-cong-ty-p-viet-nam-3"
6199,"/thong-bao-tuyen-dung-cong-ty-p-viet-nam-2"
6193,"/thong-bao-tuyen-dung-cong-ty-p-viet-nam"
6191,"/trung-tam-nghien-cuu-cong-nghe-mang-viettel-vttek-tuyen-dung-ky-su-va-thuc-tap-sinh-nam-2017-3"
6189,"/trung-tam-nghien-cuu-cong-nghe-mang-viettel-vttek-tuyen-dung-ky-su-va-thuc-tap-sinh-nam-2017-2"
6181,"/trung-tam-nghien-cuu-cong-nghe-mang-viettel-vttek-tuyen-dung-ky-su-va-thuc-tap-sinh-nam-2017"
6213,"/hoc-vien-chuc-ky-kiem-tra-sat-hach-ky-nang-lap-dat-cap-mang-thong-tin-theo-tieu-chuan-nhat-ban"
2587,"/chuong-trinh-thap-lua-ngay-dong-2016"
6210,"/hoc-vien-chinh-thuc-trien-khai-chuong-trinh-dao-tao-cho-du-phat-trien-nguon-nhan-luc-cntt-viet-nhat"
6177,"/thong-bao-tuyen-dung-cho-vi-tri-radical-ux-ui-designer-cua-cong-ty-symptoma-gmbh-2"
6175,"/innovatube-tuyen-thuc-tap-sinh-backend-2016-2"
6169,"/innovatube-tuyen-thuc-tap-sinh-backend-2016"
6166,"/thong-bao-tuyen-dung-cho-vi-tri-radical-ux-ui-designer-cua-cong-ty-symptoma-gmbh"
6160,"/vien-dao-tao-nhan-luc-vietnam-bankers-thong-bao-tuyen-sinh-chuong-trinh-thuc-tap-sinh-ngan-hang"
6154,"/le-cong-bo-quyet-dinh-bo-nhiem-can-bo-8"
2597,"/xay-dung-hoc-vien-cong-nghe-buu-chinh-vien-thong-som-tro-thanh-truong-dai-hoc-trong-diem-tieu-bieu-trong-linh-vuc-ict"
2617,"/le-cong-bo-quyet-dinh-bo-nhiem-can-bo-3"
2449,"/tuyen-dung"
2447,"/tong-quan"
2445,"/thong-diep-cua-giam-doc-hoc-vien"
2443,"/tap-chi-khcn-tttt"
2441,"/khoa-hoc-cong-nghe"
2439,"/hop-tac-quoc-te"
2435,"/gioi-thieu"
2433,"/giao-duc-va-dao-tao"
2431,"/doi-tac-quoc-te"
2429,"/co-so-vat-chat-hoc-vien"
2427,"/chuong-trinh-dao-tao"
2425,"/bai-bao-khoa-hoc"
2423,"/ba-cong-khai"
2905,"/trung-tam-dao-tao-buu-chinh-vien-thong-2"
2903,"/trung-tam-dao-tao-buu-chinh-vien-thong-1"
2901,"/trung-tam-thi-nghiem-thuc-hanh"
2899,"/trung-tam-khao-thi-va-dam-bao-chat-luong-giao-duc"
2895,"/phong-hanh-chinh-bao-ve"
2893,"/phong-quan-ly-khoa-hoc-cong-nghe-hop-tac-quoc-te"
2891,"/phong-dao-tao"
2889,"/phong-ke-hoach-dau-tu"
2887,"/phong-tai-chinh-ke-toan"
2885,"/phong-giao-vu"
2883,"/phong-chinh-tri-va-cong-tac-sinh-vien"
2881,"/phong-to-chuc-can-bo-lao-dong"
2879,"/van-phong"
2877,"/cong-doan-va-doan-thanh-nien"
2875,"/ban-chap-hanh-dang-bo-hoc-vien-hoc-vien-cong-nghe-buu-chinh-vien-thong"
2873,"/hoi-dong-khoa-hoc-va-dao-tao"
2871,"/ban-giam-doc"
2860,"/nguon-nhan-luc"
2856,"/chien-luoc-phat-trien"
2628,"/de-tai-cua-sinh-vien-hoc-vien-lot-vao-vong-chung-khao-cuoc-thi-nha-sang-tao-viet-nam-voi-intel-galileo-nam-2016"
3292,"/thong-bao-xet-tuyen-dai-hoc-theo-hinh-thuc-giao-duc-tu-xa-nam-2016"
6151,"/thong-bao-quyet-dinh-cong-nhan-hoc-vien-cao-hoc-dot-2-nam-2016"
6142,"/hoc-vien-cong-nghe-buu-chinh-vien-thong-ky-thoa-thuan-hop-tac-voi-truong-cao-dang-cong-nghe-thong-tin-viet-han"
6140,"/thong-bao-trieu-tap-ban-can-su-cac-lop-va-sinh-vien-cac-lop-dai-hoc-khoa-2016-tham-du-buoi-noi-chuyen-tuyen-truyen-ky-niem-70-nam-ngay-toan-quoc-khang-chien-2"
6136,"/thong-bao-trieu-tap-ban-can-su-cac-lop-va-sinh-vien-cac-lop-dai-hoc-khoa-2016-tham-du-buoi-noi-chuyen-tuyen-truyen-ky-niem-70-nam-ngay-toan-quoc-khang-chien"
2655,"/hoc-vien-ky-thoa-thuan-hop-tac-voi-trung-tam-internet-viet-nam-va-vien-cong-nghe-thong-tin"
2636,"/nhieu-hoat-dong-chao-mung-ngay-truyen-thong-hoc-sinh-sinh-vien-viet-nam"
6132,"/sinh-vien-hoc-vien-dat-giai-cao-tai-chung-khao-cuoc-thi-sinh-vien-voi-toan-thong-tin-nam-2016"
6130,"/thong-bao-tuyen-sinh-chuong-trinh-lien-ket-dao-tao-thac-si-cong-nghe-thong-tin-giua-hoc-vien-cong-nghe-buu-chinh-vien-thong-va-truong-dai-hoc-cong-nghe-sydney-australia-nam-2017-2"
6128,"/thong-bao-tuyen-sinh-di-hoc-thac-si-theo-de-599-phuong-thuc-phoi-hop-nam-2017-2"
6126,"/thong-bao-tuyen-sinh-chuong-trinh-lien-ket-dao-tao-thac-si-cong-nghe-thong-tin-giua-hoc-vien-cong-nghe-buu-chinh-vien-thong-va-truong-dai-hoc-cong-nghe-sydney-australia-nam-2017"
6122,"/thong-bao-tuyen-sinh-di-hoc-thac-si-theo-de-599-phuong-thuc-phoi-hop-nam-2017"
6119,"/thong-bao-quyet-dinh-phe-duyet-danh-sach-trung-tuyen-trinh-tien-si-dot-2-nam-2016"
2700,"/ptit-va-fsoft-hop-tac-trong-linh-vuc-nang-cao-chat-luong-nguon-nhan-luc-it"
6116,"/tuyen-dung-thuc-tap-sinh-nganh-cong-nghe-thong-tin-cho-cong-ty-tnhh-ai-viet-nam-2"
6113,"/tuyen-dung-thuc-tap-sinh-nganh-cong-nghe-thong-tin-cho-cong-ty-tnhh-ai-viet-nam"
6111,"/ket-qua-xet-tuyen-nghien-cuu-sinh-dot-2-nam-2016"
6106,"/dong-dao-sinh-vien-hoc-vien-cong-nghe-buu-chinh-vien-thong-tham-gia-toa-dam-va-huong-nghiep-trong-linh-vuc-toan-thong-tin"
6099,"/thong-bao-cap-bang-tot-nghiep-dai-hoc-cao-dang-chinh-quy-dot-2-thang-11-nam-2016"
6090,"/thong-tin-tuyen-dung-cua-cong-ty-cp-quan-ly-va-khai-thac-toa-nha-vnpt-property-management-company-pmc-2"
6087,"/thong-tin-tuyen-dung-cua-cong-ty-cp-quan-ly-va-khai-thac-toa-nha-vnpt-property-management-company-pmc"
6079,"/kien-toan-bo-may-lanh-dao-khoa-cong-nghe-thong-tin-1"
6071,"/sinh-vien-lao-tai-hoc-vien-chao-don-ky-niem-41-nam-quoc-khanh-nuoc-chdcnd-lao"
6067,"/thong-bao-ve-viec-thu-hoc-phi-cac-mon-hoc-lai-cai-thien-van-bang-2-chinh-quy-hoc-ky-nam-hoc-2016-2017"
6058,"/hoc-vien-cong-nghe-buu-chinh-vien-thong-dang-cai-chuc-thanh-cong-dien-dan-cong-nghe-thong-cntttt-asean-ivo-2016"
6049,"/thong-bao-ve-viec-bo-nhiem-chuc-danh-giao-su-pho-giao-su-nam-2016"
6041,"/trao-bang-tot-nghiep-cho-tan-cu-nhan-quan-tri-kinh-doanh-va-ke-toan-khoa-2012-2016"
6039,"/thong-bao-chuong-trinh-hoc-bong-dam-bao-toan-thong-tin-mang-viet-nam"
6034,"/thong-bao-ve-viec-no-hoc-phi-hoc-ky-1-nam-hoc-2016-2017"
6032,"/vien-nghien-cuu-phat-trien-viettel-thong-bao-tuyen-dung-nam-2016-3"
6030,"/vien-nghien-cuu-phat-trien-viettel-thong-bao-tuyen-dung-nam-2016-2"
6025,"/vien-nghien-cuu-phat-trien-viettel-thong-bao-tuyen-dung-nam-2016"
6006,"/thong-bao-chuong-trinh-hoc-bong-viet-nam"
6004,"/ron-rang-ngay-hoi-marketing-big-day-2"
5994,"/ron-rang-ngay-hoi-marketing-big-day"
5988,"/tuyen-dung-tong-cong-ty-ha-tang-mang-vnpt-net-tuyen-quan-ly-dieu-hanh-van-hanh-khai-thac-mang-vien-thong-3"
5986,"/tuyen-dung-tong-cong-ty-ha-tang-mang-vnpt-net-tuyen-quan-ly-dieu-hanh-van-hanh-khai-thac-mang-vien-thong-2"
5981,"/tuyen-dung-tong-cong-ty-ha-tang-mang-vnpt-net-tuyen-quan-ly-dieu-hanh-van-hanh-khai-thac-mang-vien-thong"
5979,"/hoi-cho-viec-lam-nhat-ban-nin2-job-fair-2016-2"
5976,"/hoi-cho-viec-lam-nhat-ban-nin2-job-fair-2016"
5973,"/thong-bao-ket-qua-cham-phuc-khao-bai-thi-tuyen-trinh-thac-si-dot-2-nam-2016"
5969,"/tuyen-dung-cong-ty-co-phan-misa-tuyen-20-lap-trinh-vien-mobile-thu-nhap-len-den-1200-3"
5970,"/tuyen-dung-cong-ty-co-phan-misa-tuyen-20-lap-trinh-vien-mobile-thu-nhap-len-den-1200-2"
5965,"/tuyen-dung-cong-ty-co-phan-misa-tuyen-20-lap-trinh-vien-winform-webform-thu-nhap-len-den-1200-3"
5966,"/tuyen-dung-cong-ty-co-phan-misa-tuyen-20-lap-trinh-vien-winform-webform-thu-nhap-len-den-1200-2"
5963,"/tuyen-dung-cong-ty-co-phan-misa-tuyen-02-nhan-vien-dam-bao-chat-luong-qa-3"
5959,"/tuyen-dung-cong-ty-co-phan-misa-tuyen-02-nhan-vien-dam-bao-chat-luong-qa-2"
5957,"/tuyen-dung-cong-ty-co-phan-misa-tuyen-dung-nhan-vien-kiem-thutester-3"
5954,"/tuyen-dung-cong-ty-co-phan-misa-tuyen-dung-nhan-vien-kiem-thutester-2"
5950,"/tuyen-dung-cong-ty-co-phan-misa-tuyen-dung-nhan-vien-kiem-thutester"
5946,"/tuyen-dung-cong-ty-co-phan-misa-tuyen-02-nhan-vien-dam-bao-chat-luong-qa"
5942,"/tuyen-dung-cong-ty-co-phan-misa-tuyen-20-lap-trinh-vien-winform-webform-thu-nhap-len-den-1200"
5938,"/tuyen-dung-cong-ty-co-phan-misa-tuyen-20-lap-trinh-vien-mobile-thu-nhap-len-den-1200"
5932,"/thu-truong-bo-tttt-nguyen-minh-hong-hoc-vien-cnbcvt-phai-phat-trien-manh-hon-duoi-co-che-tu-chu-moi"
5916,"/tung-bung-hoi-dien-van-nghe-chao-mung-ky-niem-34-nam-ngay-nha-giao-viet-nam"
5911,"/bo-truong-bo-thong-tin-va-truyen-thong-gui-thu-chuc-mung-nhan-ngay-nha-giao-viet-nam"
5898,"/dem-nhac-sing-learn-ptit-2016-2"
5891,"/thu-chuc-mung-cua-giam-doc-hoc-vien-gui-can-bo-giang-vien-nghien-cuu-vien-va-hoc-vien-sinh-vien-nhan-ky-niem-34-nam-ngay-nha-giao-viet-nam-20111982-20112016"
5900,"/hoi-thao-dao-tao-ky-su-cong-nghe-thong-tin-theo-yeu-cau-doanh-nghiep-nhat-ban"
5895,"/dem-nhac-sing-learn-ptit-2016"
5878,"/chung-ket-cuoc-thi-thiet-ke-da-phuong-tien"
5875,"/hoc-vien-cong-nghe-buu-chinh-vien-thong-tham-gia-du-hop-tac-voi-icco-ha-lan"
5868,"/thong-bao-trieu-tap-ban-can-su-bi-thu-chi-doan-cac-lop-dai-hoc-cao-dang-du-le-mit-tinh-ky-niem-ngay-nha-giao-viet-nam-20-11"
5856,"/gioi-thieu-du-phat-trien-nguon-nhan-luc-cntt-viet-nhat"
5863,"/thong-bao-ve-viec-thu-ho-xet-mien-giam-hoc-phi-va-ho-tro-chi-phi-hoc-tap-hoc-ky-1-nam-hoc-2016-2017"
5859,"/thong-bao-ve-viec-xet-cap-tien-ho-tro-sinh-vien-chiu-anh-huong-vung-lu-lut-nam-2016"
5850,"/thong-bao-cap-bang-tot-nghiep-dai-hoc-chinh-quy"
5837,"/thong-bao-nhap-hoc-trinh-thac-si-dot-2-nam-2016-2"
5834,"/thong-bao-chuyen-dia-diem-phat-bang-cua-hoc-vien"
5829,"/thong-bao-nhap-hoc-trinh-thac-si-dot-2-nam-2016"
5818,"/trung-tam-kinh-doanh-vnpt-thai-binh-tuyen-nhan-vien-nam-2016-3"
5816,"/trung-tam-kinh-doanh-vnpt-thai-binh-tuyen-nhan-vien-nam-2016-2"
5812,"/thong-bao-ve-viec-mo-atm-cho-sinh-vien-tai-ngan-hang-agribank-chi-nhanh-tp-ha-noi"
5806,"/trung-tam-kinh-doanh-vnpt-thai-binh-tuyen-nhan-vien-nam-2016"
5839,"/hon-600-sinh-vien-hoc-vien-tham-gia-ngay-hoi-hien-mau-nhan-dao-2016"
5847,"/le-cong-bo-quyet-dinh-bo-nhiem-can-bo-7"
5820,"/khai-mac-hoi-thao-tap-huan-trien-khai-du-voyage"
5803,"/gioi-thieu-san-pham-su-dung-cong-nghe-thuc-tai-ao-tai-trien-lam-hoang-sa-truong-sa-cua-viet-nam-nhung-bang-chung-lich-su-va-phap-ly"
5798,"/cong-ty-co-phan-grooo-international-tuyen-dung-nhan-su-thang-112016-3"
5796,"/cong-ty-co-phan-grooo-international-tuyen-dung-nhan-su-thang-112016-2"
5788,"/cong-ty-co-phan-grooo-international-tuyen-dung-nhan-su-thang-112016"
5783,"/cong-ty-ifi-solution-tuyen-dung-lap-trinh-vien-3"
5781,"/cong-ty-ifi-solution-tuyen-dung-lap-trinh-vien-2"
5768,"/cong-ty-ifi-solution-tuyen-dung-lap-trinh-vien"
5762,"/thong-bao-diem-chuan-trung-tuyen-trinh-thac-si-dot-2-nam-2016"
5754,"/hoc-bong-symptoma-gmbh-danh-cho-sinh-vien-co-hoan-canh-kho-khan-2"
5751,"/hoc-bong-symptoma-gmbh-danh-cho-sinh-vien-co-hoan-canh-kho-khan"
5744,"/thong-bao-cong-bo-ket-qua-thi-tuyen-sinh-trinh-thac-si-dot-2-nam-2016"
5741,"/cuoc-thi-mrei-2016-marketing-sang-tao-va-trach-nhiem-xa-hoi"
5735,"/cong-ty-co-phan-grooo-international-tuyen-dung-cac-vi-tri-lap-trinh-vien-va-thuc-tap-3"
5733,"/cong-ty-co-phan-grooo-international-tuyen-dung-cac-vi-tri-lap-trinh-vien-va-thuc-tap-2"
5726,"/cong-ty-co-phan-grooo-international-tuyen-dung-cac-vi-tri-lap-trinh-vien-va-thuc-tap"
5723,"/le-cong-bo-quyet-dinh-bo-nhiem-can-bo-6"
5693,"/ket-qua-xet-tot-nghiep-thang-102016"
5666,"/giao-luu-van-nghe-chao-mung-ngay-phu-nu-viet-nam-2010"
5646,"/02-giang-vien-hoc-vien-dat-chuan-chuc-danh-pho-giao-su"
5637,"/chuc-cong-doan-phat-huy-vai-tro-cua-minh-trong-xay-dung-doi-ngu-phat-huy-noi-luc-gop-phan-dua-hoc-vien-ngay-cang-phat-trien"
5628,"/fpt-software-open-doors-day-2016"
5624,"/thong-bao-ve-viec-thu-hoc-phi-ky-nam-hoc-2016-2017-cac-lop-dh-cd-ltcq-tai-co-ha-noi"
5620,"/thong-bao-quyet-dinh-danh-sach-thi-sinh-duoc-mien-thi-mon-tieng-anh-bo-sung-trong-ky-thi-tuyen-sinh-trinh-thac-si-dot-2-nam-2016"
5614,"/tung-bung-dem-hoi-chao-tan-sinh-vien-ptit-2016-2"
5596,"/quy-che-quy-dinh"
5594,"/huong-dan"
5592,"/khao-sat-tot-nghiep"
5585,"/tot-nghiep-van-bang"
5580,"/tan-sinh-vien-hoc-vien-tham-gia-ky-hoc-giao-duc-quoc-phong-tai-trung-tam-giao-duc-quoc-phong-ha-noi"
5572,"/thong-bao-danh-sach-thi-sinh-du-thi-tuyen-sinh-trinh-thac-si-dot-2-nam-2016"
5606,"/tung-bung-dem-hoi-chao-tan-sinh-vien-ptit-2016"
5566,"/thu-thach-sang-tao-cung-samsung-cuoc-thi-lap-trinh-tren-may-tinh"
5563,"/tuyen-dung-cong-chuc-loai-c-lam-viec-tai-cuc-cong-nghe-tin-hoc-ngan-hang-nha-nuoc-viet-nam-3"
5561,"/tuyen-dung-cong-chuc-loai-c-lam-viec-tai-cuc-cong-nghe-tin-hoc-ngan-hang-nha-nuoc-viet-nam-2"
5553,"/tuyen-dung-cong-chuc-loai-c-lam-viec-tai-cuc-cong-nghe-tin-hoc-ngan-hang-nha-nuoc-viet-nam"
5551,"/vnpt-technology-tuyen-dung-hon-500-ky-su-va-30-cong-tac-vien-nam-2016-2"
5549,"/vnpt-technology-tuyen-dung-hon-500-ky-su-va-30-cong-tac-vien-nam-2016"
5544,"/tuyen-dung-vnpt-technology-tuyen-dung-hon-500-ky-su-va-30-cong-tac-vien-nam-2016"
5541,"/thong-bao-quyet-dinh-mien-thi-mon-tieng-anh-trong-ky-thi-tuyen-sinh-trinh-thac-si-dot-2-nam-2016"
5538,"/thong-bao-quyet-dinh"
5531,"/thong-bao-xet-tuyen-chuong-trinh-trao-doi-hoc-vien-cao-hoc-giua-hoc-vien-cong-nghe-buu-chinh-vien-thong-va-dai-hoc-aizunhat-ban-dot-2-nam-2016"
5507,"/nhiem-vu-uu-tien-hang-dau-cua-ptit-la-dao-tao-doi-ngu-tri-thuc-gioi"
5502,"/gs-ts-ta-ngoc-tan-la-truong-khoa-danh-du-khoa-da-phuong-tien"
5496,"/hoc-vien-chuc-le-trao-bang-cho-156-tan-thac-sy-khoa-2014-dot-1"
5493,"/thong-bao-ve-viec-cap-bang-tot-nghiep-thac-si-dot-thang-92016"
5489,"/thong-bao-ve-viec-cap-bang-tot-nghiep-dai-hoc-dot-thang-92016"
5487,"/cong-ty-co-phan-cong-nghe-itt-tuyen-10-lap-trinh-vien-3"
5485,"/cong-ty-co-phan-cong-nghe-itt-tuyen-10-lap-trinh-vien-2"
5482,"/cong-ty-co-phan-cong-nghe-itt-tuyen-10-lap-trinh-vien"
5479,"/thong-bao-thoi-gian-thi-tuyen-sinh-trinh-thac-si-dot-2-nam-2016"
5472,"/thong-bao-chuong-trinh-giao-vien-xuat-sac-ngan-han-fulbright-nam-2017"
5469,"/thanh-lap-cac-phong-thi-nghiem-lab-chuyen-sau-tai-hoc-vien-cong-nghe-buu-chinh-vien-thong"
5467,"/cong-ty-diebold-nixdorf-can-tuyen-dung-ky-su-lam-viec-tai-ha-noi-3"
5465,"/cong-ty-diebold-nixdorf-can-tuyen-dung-ky-su-lam-viec-tai-ha-noi-2"
5460,"/cong-ty-diebold-nixdorf-can-tuyen-dung-ky-su-lam-viec-tai-ha-noi"
5444,"/vien-khoa-hoc-ky-thuat-buu-dien-can-chu-dong-sang-tao-trong-doi-moi-mo-hinh"
5457,"/khoi-dong-cuoc-thi-thiet-ke-da-phuong-tien"
5424,"/hoi-thao-khoa-hoc-cong-nghe-chao-mung-ky-niem-50-nam-thanh-lap-vien-khoa-hoc-ky-thuat-buu-dien"
5451,"/cong-doanhoc-vien-cong-nghe-buu-chinh-vien-thong-chuc-chuong-trinh-vui-trung-thu-voi-tre-em-vung-cao-tinh-yen-bai"
5412,"/khai-giang-khoa-hoc-bao-mat-thong-thong-tin"
5406,"/doan-dai-bieu-cua-bo-buu-chinh-vien-thong-campuchia-den-tham-va-lam-viec-tai-hoc-vien"
5395,"/cong-ty-tnhh-minh-phuc-mp-telecom-tuyen-dung-khoi-nganh-ky-thuat-2"
5393,"/cong-ty-tnhh-minh-phuc-mp-telecom-tuyen-dung-khoi-nganh-ky-thuat"
5386,"/cong-ty-tnhh-minh-phuc-mp-telecom-tuyen-dung-cao"
5383,"/soi-noi-va-tuong-chung-ket-sinh-vien-thanh-lich-ptit-2"
5380,"/soi-noi-va-tuong-chung-ket-sinh-vien-thanh-lich-ptit"
5374,"/bo-nhiem-vien-truong-vien-khoa-hoc-ky-thuat-buu-dien"
5370,"/sinh-vien-khoa-2016-hao-hung-tham-gia-tuan-le-sinh-hoat-cong-dan"
5362,"/tan-sinh-vien-khoa-2016-hao-huc-lam-thu-tuc-nhap-hoc"
5358,"/cong-ty-samsung-electronics-viet-nam-chuc-hoi-thao-tuyen-dung-danh-cho-sinh-vien-hoc-vien-cong-nghe-buu-chinh-vien-thong"
5355,"/cong-ty-samsung-electronics-viet-nam-chuc-hoi-thao-tuyen-dung-danh-cho-sinh-vien-hoc-vien-cong-nghe-buu-chinh-vien-thong-2"
5351,"/cong-ty-truyen-hinh-cap-sctv-tuyen-nhan-vien-ky-thuat-2"
5349,"/cong-ty-truyen-hinh-cap-sctv-tuyen-nhan-vien-ky-thuat"
5344,"/tuyen-dung-cong-ty-truyen-hinh-cap-sctv-tuyen-nhan-vien-ky-thuat"
5334,"/hoc-vien-cong-nghe-bcvt-ky-ket-thoa-thuan-hop-tac-thuc-hien-du-giua-asean-duoi-su-chung-kien-cua-thu-tuong"
5324,"/23-sinh-vien-duoc-nhan-chung-chi-hoan-thanh-khoa-hoc-ung-dung-thuat-toan-hoc-vien-cong-nghe-buu-chinh-vien-thong-va-cong-ty-dien-tu-samsung-viet-nam-chuc"
5321,"/cong-ty-samsung-thong-bao-tuyen-dung-nam-2016"
5317,"/tuyen-dung-cong-ty-samsung-thong-bao-tuyen-dung-nam-2016-2"
5314,"/tuyen-dung-cong-ty-samsung-thong-bao-tuyen-dung-nam-2016"
5308,"/huong-dan-thu-tuc-nhap-hoc-cho-tan-sinh-vien-2016"
5306,"/hoc-bong-tai-nang-samsung-2016-2"
5303,"/hoc-bong-tai-nang-samsung-2016"
5298,"/cong-ty-co-phan-cong-nghe-itt-tuyen-lap-trinh-vien-net-java-va-php-va-seo-2"
5296,"/cong-ty-co-phan-cong-nghe-itt-tuyen-lap-trinh-vien-net-java-va-php-va-seo"
5291,"/tuyen-dung-cong-ty-co-phan-cong-nghe-itt-tuyen-lap-trinh-vien-net-java-va-php-va-seo"
5289,"/cong-ty-co-phan-dau-tu-va-cong-nghe-idocnet-tuyen-dung-nganh-cong-nghe-thong-tin-2"
5287,"/cong-ty-co-phan-dau-tu-va-cong-nghe-idocnet-tuyen-dung-nganh-cong-nghe-thong-tin"
5277,"/tuyen-dung-cong-ty-co-phan-dau-tu-va-cong-nghe-idocnet-nganh-cong-nghe-thong-tin"
5270,"/thong-bao-thu-tuc-nhap-hoc-cho-sinh-vien-dai-hoc-chinh-quy-nam-2016"
5268,"/truong-da-phuong-tien-ptit-multimedia-summer-school-2016-2"
5263,"/truong-da-phuong-tien-ptit-multimedia-summer-school-2016"
5251,"/thong-bao-nhan-giay-chung-nhan-ket-qua-thi"
5249,"/cong-ty-tnhh-giai-phap-thuong-hieu-sao-kim-tuyen-dung-sinh-vien-khoi-nganh-kinh-te-2"
5247,"/cong-ty-tnhh-giai-phap-thuong-hieu-sao-kim-tuyen-dung-sinh-vien-khoi-nganh-kinh-te"
5241,"/tuyen-dung-cong-ty-tnhh-giai-phap-thuong-hieu-sao-kim"
5223,"/huong-dan-tra-cuu-ket-qua-xet-tuyen-vao-hoc-vien-dai-hoc-chinh-quy-nam-2016"
5220,"/thong-bao-ve-tra-cuu-ket-qua-xet-tuyen-vao-dai-hoc-chinh-quy-nam-2016"
5207,"/thong-bao-diem-chuan-trung-tuyen-dot-1-vao-dai-hoc-chinh-quy-nam-2016"
5202,"/hoc-vien-thong-bao-diem-chuan-trung-tuyen-dot-1-vao-dai-hoc-chinh-quy-nam-2016"
5230,"/sinh-vien-hoc-vien-cong-nghe-buu-chinh-vien-thong-ron-rang-trong-ngay-hoi-ao-trang-den-truong-white-day-ptit"
5198,"/sinh-vien-hoc-vien-vinh-du-duoc-nhan-giai-thuong-thu-khoa-xuat-sac-nam-2016-2"
5174,"/bo-truong-bo-thong-tin-va-truyen-thong-tham-va-chi-dao-cong-tac-tuyen-sinh-dai-hoc-chinh-quy-nam-2016-tai-hoc-vien-cong-nghe-buu-chinh-vien-thong"
5171,"/xay-dung-chien-luoc-phu-hop-de-hoc-vien-cong-nghe-buu-chinh-vien-thong-phat-trien-ben-vung"
5193,"/sinh-vien-hoc-vien-vinh-du-duoc-nhan-giai-thuong-thu-khoa-xuat-sac-nam-2016"
5168,"/lanh-dao-hoc-vien-tiep-dai-dien-truong-vien-thong-paris"
5164,"/khoi-dong-du-xay-dung-lien-minh-truong-dai-hoc-va-nha-cong-nghiep-thong-qua-sang-tao-va-doi-moi-cong-nghe-build"
5160,"/dang-ky-tham-du-dien-dan-lanh-dao-tre-trong-linh-vuc-ict-2016-%e2%80%8byilf-2016-tai-busan-han-quoc"
5157,"/lanh-dao-hoc-vien-tham-du-hoi-thao-ket-noi-san-pham-ung-dung-cong-nghe-thong-tin-khu-vuc-mien-bac-2016"
5152,"/video"
5134,"/chuong-trinh-trao-doi-sinh-vien-voi-truong-dai-hoc-cong-nghe-auckland-new-zealand"
5126,"/chuong-trinh-trao-doi-sinh-vien-voi-truong-dai-hoc-middlesex-anh-quoc"
5115,"/truong-dai-hoc-president-cap-hoc-bong-100-hoc-phi-cho-hssv-khu-vuc-dong-nam-han-cuoi-3082016"
5109,"/truong-dai-hoc-presdent-cap-hoc-bong-100-hoc-phi-cho-hssv-khu-vuc-dong-nam-han-cuoi-3082016"
5102,"/huong-dan-va-dang-ky-dia-chi-email-su-dung-phan-mem-tai-trung-tam-giao-dich-mot-cua-truc-tuyen"
5096,"/hoc-vien-cong-nghe-buu-chinh-vien-thong-thuoc-top-20-truong-dai-hoc-hang-dau-viet-nam-webometrics-binh-chon"
5083,"/le-cong-bo-quyet-dinh-bo-nhiem-can-bo-5"
5081,"/khai-truong-phan-mem-trung-tam-giao-dich-mot-cua-2"
5073,"/khai-truong-phan-mem-trung-tam-giao-dich-mot-cua"
5066,"/hoc-vien-cong-nghe-buu-chinh-vien-thong-thong-bao-muc-diem-nhan-ho-dang-ky-xet-tuyen-dai-hoc-chinh-quy-dot-1-nam-2016"
5061,"/thong-bao-duong-day-nong-tuyen-sinh-dai-hoc-chinh-quy-2016"
5059,"/thong-bao-muc-diem-nhan-ho-dang-ky-xet-tuyen-dai-hoc-chinh-quy-dot-1-nam-2016"
5057,"/cong-ty-co-phan-buu-chinh-thoi-gian-vang-tuyen-dung-05-nhan-vien-kinh-doanh-2"
5055,"/cong-ty-co-phan-buu-chinh-thoi-gian-vang-tuyen-dung-05-nhan-vien-kinh-doanh"
5049,"/tuyen-dung-cong-ty-co-phan-buu-chinh-thoi-gian-vang-tuyen-05-nhan-vien-kinh-doanh"
5045,"/thong-tin-tuyen-dung-cong-ty-cp-ominext"
5043,"/tuyen-dung-cong-ty-cp-ominext-2"
5037,"/tuyen-dung-cong-ty-cp-ominext"
5034,"/hoc-vien-cong-nghe-buu-chinh-vien-thong-nhan-ho-xet-tuyen-theo-3-hinh-thuc"
5070,"/le-khoi-dong-du-nghien-cuu-asean-ivo-cua-hoc-vien-nict-tai-tro"
5026,"/nhieu-hoat-dong-ky-niem-69-nam-ngay-thuong-binh-liet-sy"
5024,"/thong-bao-ve-viec-cap-bang-tot-nghiep-dai-hoc-dot-thang-7-2"
5020,"/thong-bao-ve-viec-cap-bang-tot-nghiep-dai-hoc-dot-thang-7"
5015,"/thong-bao-tuyen-sinh-trinh-tien-si-dot-2-nam-2016"
5012,"/trung-tam-ung-cuu-khan-cap-may-tinh-viet-nam-vncert-tuyen-dung-nganh-ky-thuat-2"
5010,"/trung-tam-ung-cuu-khan-cap-may-tinh-viet-nam-vncert-tuyen-dung-nganh-ky-thuat"
5005,"/tuyen-dung-trung-tam-ung-cuu-khan-cap-may-tinh-viet-nam-vncert-nganh-ky-thuat"
4994,"/hoc-vien-cong-nghe-buu-chinh-vien-thong-tham-gia-ngay-hoi-tu-van-tuyen-sinh-dai-hoc-chinh-quy-2016"
4991,"/cong-tac-dao-tao-trinh-tien-si-va-hoat-dong-nghien-cuu-khoa-hoc-cua-nghien-cuu-sinh-da-gop-phan-vao-su-phat-trien-chung-cua-hoc-vien"
4984,"/dean599uts"
4969,"/hoi-thao-tang-cuong-co-hoi-tiep-can-thi-truong-lao-dong-cho-sinh-vien-va-co-hoi-viec-lam-tai-linh-vuc-tai-chinh-ngan-hang"
4967,"/tuong-mua-xanh-2016-2"
4962,"/tuong-mua-xanh-2016"
4951,"/chinh-thuc-khoi-dong-chuong-trinh-tu-van-tuyen-sinh-dai-hoc-nam-2016-truc-tiep-tai-co-dao-tao-ha-noi"
4948,"/thong-bao-ve-viec-du-kien-thoi-gian-cap-bang-tot-nghiep-dai-hoc-dot-thang-72016-2"
4940,"/thong-bao-xet-tuyen-dai-hoc-lien-thong-chinh-quy-nam-2016"
4929,"/thong-bao-ve-viec-du-kien-thoi-gian-cap-bang-tot-nghiep-dai-hoc-dot-thang-72016"
4924,"/hoi-nghi-ket-cong-tac-6-thang-dau-nam-2016"
4868,"/thong-bao-xet-tuyen-dai-hoc-chinh-quy-dot-nam-2016"
4917,"/thong-bao-ve-hoi-thao-tang-cuong-co-hoi-tiep-can-thi-truong-lao-dong-cho-sinh-vien-va-co-hoi-viec-lam-tai-linh-vuc-tai-chinh-ngan-hang"
4911,"/thong-bao-chuong-trinh-hoc-bong-cua-vien-quoc-te-phap-ngu-4"
4909,"/thong-bao-chuong-trinh-hoc-bong-cua-vien-quoc-te-phap-ngu-3"
4907,"/thong-bao-chuong-trinh-hoc-bong-cua-vien-quoc-te-phap-ngu-2"
4903,"/thong-bao-chuong-trinh-hoc-bong-cua-vien-quoc-te-phap-ngu"
4894,"/hoc-vien-cong-nghe-buu-chinh-cong-bo-phuong-thuc-xet-tuyen"
4891,"/ra-quan-chien-dich-mua-xanh-2016-3"
4889,"/mua-khoi-nghiep-soi-noi-bo-ich-voi-du-ezcheck-3"
4887,"/mua-khoi-nghiep-soi-noi-bo-ich-voi-du-ezcheck-2"
4884,"/mua-khoi-nghiep-soi-noi-bo-ich-voi-du-ezcheck"
4878,"/khoi-dong-chuong-trinh-dao-tao-thac-sy-cong-nghe-thong-tin-theo-phuong-thuc-phoi-hop-de-599-giua-hoc-vien-cong-nghe-buu-chinh-vien-thong-va-truong-dai-hoc-sydney"
4871,"/thu-chuc-mung-cua-giam-doc-hoc-vien-gui-can-bo-giang-vien-nghien-cuu-vien-va-hoc-vien-sinh-vien-nhan-ky-niem-19-nam-thanh-lap-hoc-vien-cong-nghe-buu-chinh-vien-thong"
4866,"/ra-quan-chien-dich-mua-xanh-2016-2"
4863,"/ra-quan-chien-dich-mua-xanh-2016"
4845,"/viet-bai-cho-hoi-nghi-khoa-hoc-cong-nghe-nhan-dip-ky-niem-50-nam-thanh-lap-vien-khktbd"
4842,"/voyage"
4836,"/thong-bao-le-cuoc-thi-sinh-vien-tai-nang-thanh-lich-nam-2016"
4913,"/thong-bao-ket-luan-cua-hoi-dong-xet-cap-hoc-bong-xet-cap-hoc-bong-cho-sinh-vien-cd-dh-chinh-quy-hoc-ky-1-nam-hoc-2015-2016"
4834,"/tuyen-dung-vien-thong-lang-son-tuyen-dung-ky-su-cong-nghe-thong-tin"
4829,"/tuyen-dung-vien-thong-lang-son-tuyen-ky-su-cong-nghe-thong-tin"
4818,"/ky-nang-mem"
4816,"/cong-nghe-thong-tin"
4814,"/tieng-anh"
4806,"/khai-giang-khoa-hoc-ao-hoa-cac-chuc-nang-mang-nfv"
4795,"/hoc-vien-cong-nghe-buu-chinh-vien-thong-tuyen-sinh-3-000-chi-tieu"
4776,"/khoa-quan-tri-kinh-doanh-2"
4773,"/khoa-ky-thuat-dien-tu-2"
4769,"/khoa-co-ban-2"
4766,"/khoa-ky-thuat-dien-tu-1"
4762,"/khoa-vien-thong-1"
4759,"/khoa-cong-nghe-thong-tin-1"
4753,"/khoa-da-phuong-tien"
4750,"/khoa-tai-chinh-ke-toan"
4747,"/khoa-quan-tri-kinh-doanh"
4727,"/khoa-co-ban"
4703,"/hoi-thao-toan-thong-tin-sois-2016"
4697,"/hoc-vien-cong-nghe-buu-chinh-vien-thong-chuan-bi-san-sang-cho-ky-thi-tot-nghiep-trung-hoc-pho-thong-quoc-gia-2016"
4694,"/hoc-vien-cong-nghe-buu-chinh-vien-thong-tu-van-tuyen-sinh-xet-tuyen-dai-hoc-chinh-quy-2016-tai-phu-tho"
4679,"/cac-khoa-dao-tao"
4677,"/thong-bao-ve-viec-cap-bang-tot-nghiep-dai-hoc-cao-dang-dot-2-thang-6-2016-2"
4674,"/thong-bao-ve-viec-cap-bang-tot-nghiep-dai-hoc-cao-dang-dot-2-thang-6-2016"
4669,"/thong-bao-tuyen-dung-giang-vien"
4666,"/bo-nhiem-lanh-dao-khoa-co-ban-1"
4649,"/thong-bao-dang-ky-tham-du-cuoc-thi-nha-sang-tao-viet-nam-voi-intel-galileo-2016"
4644,"/thong-bao-ke-hoach-nghi-ky-thi-phu-hoc-ky-2-nam-hoc-2015-2016-va-lich-hoc-hoc-ky-1-nam-hoc-2016-2017"
4792,"/hoc-vien-co-trao-doi-sinh-vien-va-thuc-tap-sinh-voi-dai-hoc-clermont-ferrand-ii-cong-hoa-phap-2"
4781,"/hoc-vien-co-trao-doi-sinh-vien-va-thuc-tap-sinh-voi-dai-hoc-clermont-ferrand-ii-cong-hoa-phap"
4637,"/tuyen-dung-trung-tam-phan-mem-viettel-2-vtsoft2-tuyen-10-ky-su-lap-trinh-java-uu-tien-moi-tot-nghiep-dh-2"
4635,"/tuyen-dung-trung-tam-phan-mem-viettel-2-vtsoft2-tuyen-10-ky-su-lap-trinh-java-uu-tien-moi-tot-nghiep-dh"
4631,"/tuyen-dung-trung-tam-phan-mem-viettel-2-vtsoft2-10-ky-su-lap-trinh-java"
4661,"/chuong-trinh-hoc-bong-va-ho-tro-nghien-cuu-motorola-cho-cong-nghe-truyen-thong"
4624,"/hoc-vien-cong-nghe-buu-chinh-vien-thong-phoi-hop-voi-dai-hoc-cong-nghe-sydney-trong-dao-tao-thac-sy-nganh-cong-nghe-thong-tin-theo-de-599"
4617,"/tuyen-dung-cong-ty-fpt-software-can-tuyen-gap-30-fresher-cc-3"
4615,"/tuyen-dung-cong-ty-fpt-software-can-tuyen-gap-30-fresher-cc-2"
4610,"/tuyen-dung-cong-ty-fpt-software-can-tuyen-gap-30-fresher-cc"
4606,"/thong-bao-tuyen-thuc-tap-sinh-cong-ty-tnhh-diebold-viet-nam-nganh-ky-thuat-3"
4603,"/thong-bao-tuyen-thuc-tap-sinh-cong-ty-tnhh-diebold-viet-nam-nganh-ky-thuat-2"
4598,"/thong-bao-tuyen-thuc-tap-sinh-cong-ty-tnhh-diebold-viet-nam-nganh-ky-thuat"
4619,"/le-cong-bo-quyet-dinh-bo-nhiem-can-bo-4"
4596,"/thong-tin-tuyen-dung-cong-ty-tnhh-kmw-viet-nam-ky-su-dien-tu-vien-thong-3"
4594,"/thong-tin-tuyen-dung-cong-ty-tnhh-kmw-viet-nam-ky-su-dien-tu-vien-thong-2"
4588,"/thong-tin-tuyen-dung-cong-ty-tnhh-kmw-viet-nam-ky-su-dien-tu-vien-thong"
4565,"/hoc-vien-cong-nghe-buu-chinh-vien-thong-bien-thach-thuc-thanh-co-hoi-phat-trien"
4551,"/thong-bao-huong-dan-ket-hoc-ky-ii-nam-hoc-2015-2016"
4531,"/thong-tin-tuyen-dung-cong-ty-will-solution-vina-nganh-cntt-3"
4529,"/thong-tin-tuyen-dung-cong-ty-will-solution-vina-nganh-cntt-2"
4519,"/thong-tin-tuyen-dung-cong-ty-will-solution-vina-nganh-cntt"
4516,"/thong-bao-thoi-gian-phat-bang-cua-hoc-vien-2"
4514,"/thong-bao-thoi-gian-phat-bang-cua-hoc-vien"
4510,"/doan-tinh-nguyen-vien-han-quoc-se-den-lam-viec-tai-hoc-vien"
4715,"/doan-tinh-nguyen-vien-han-quoc-se-den-lam-viec-tai-hoc-vien-2"
4504,"/thong-bao-tuyen-sinh-cao-dang-nghe"
4501,"/chuc-nhap-hoc-cho-hoc-vien-cao-hoc-dot-1-nam-2016"
4658,"/thong-bao-ve-chuong-trinh-hoc-bong-va-ho-tro-nghien-cuu-motorola-cho-cong-nghe-truyen-thong-2"
4639,"/thong-bao-ve-chuong-trinh-hoc-bong-va-ho-tro-nghien-cuu-motorola-cho-cong-nghe-truyen-thong"
4487,"/sinh-vien-cao-dang-nghe-khoa-dau-tien-nhan-bang-tot-nghiep"
4460,"/hoat-dong-ngoai-khoa"
4458,"/cac-khoa-hoc-dao-tao-chuyen-sau"
4455,"/hoc-bong-tai-nang-samsung"
4451,"/truong-he-da-phuong-tien"
2491,"/vnpt"
4447,"/samsung"
2487,"/mobifone"
2486,"/microsoft"
4421,"/trao-thuong-cho-doi-tuyen-sinh-vien-hoc-vien-du-thi-olympic-toan-hoc-sinh-vien-va-hoc-sinh-toan-quoc-nam-2016-2"
4417,"/trao-thuong-cho-doi-tuyen-sinh-vien-hoc-vien-du-thi-olympic-toan-hoc-sinh-vien-va-hoc-sinh-toan-quoc-nam-2016"
4388,"/ban-lien-lac-cuu-sinh-vien-he-dai-hoc-chinh-quy-khoa-2011-khoi-nganh-kinh-te"
4384,"/ban-lien-lac-cuu-sinh-vien-he-dai-hoc-chinh-quy-khoa-2011-khoi-nganh-ky-thuat"
4378,"/ban-lien-lac-cuu-sinh-vien-he-lien-thong-khoa-2011"
4374,"/ban-lien-lac-cuu-sinh-vien-he-dai-hoc-chinh-quy-khoa-2010"
4326,"/thong-tin-tuyen-dung"
4314,"/thong-tin-tuyen-dung-cong-ty-co-phan-xay-dung-va-lap-dat-vien-thong-comas-2"
4304,"/danh-muc-de-tai-cap-bo-nam-2012"
4297,"/danh-muc-cac-cong-trinh-nghien-cuu-khoa-hoc-dang-tren-tap-chi-khoa-hoc-quoc-te-nam-2012"
4344,"/hoc-vien-cong-nghe-buu-chinh-vien-thong-tro-thanh-dau-moi-chuyen-giao-cong-nghe-giua-cac-doanh-nghiep-viet-nam-va-vien-khoa-hoc-va-cong-nghe-tien-tien-han-quoc-kaist"
4294,"/danh-muc-de-tai-cap-hoc-vien-nam-2012"
4290,"/danh-muc-de-tai-cap-hoc-vien-nam-2013"
4286,"/danh-muc-de-tai-cap-bo-nam-2013"
4282,"/danh-muc-de-tai-cap-nha-nuoc-nam-2012"
4278,"/danh-muc-de-tai-cap-nha-nuoc-nam-2013"
4261,"/danh-muc-cac-cong-trinh-nghien-cuu-khoa-hoc-dang-tren-tap-chi-khoa-hoc-trong-nuoc-nam-2012"
4234,"/thong-bao-ve-viec-cap-bang-tot-nghiep-cao-dang-nghe"
4167,"/sinh-vien-hoc-vien-duoc-thu-huong-du-an-nang-cao-kha-nang-lam-viec-cho-sinh-vien-cac-truong-dai-hoc-o-viet-nam-cua-lien-minh-cac-truong-dai-hoc-italia-almalaurea"
4158,"/guong-mat-cuu-sinh-vien"
4068,"/huong-dan-thuc-hien-cho-vay-doi-voi-hoc-sinh-sinh-vien-theo-quyet-dinh-so-1572007qd-ttg-ngay-2792007-cua-thu-tuong-chinh-phu"
4066,"/quyet-dinh-ve-dieu-chinh-muc-cho-vay-doi-voi-hoc-sinh-sinh-vien"
4064,"/quyet-dinh-ve-tin-dung-doi-voi-hoc-sinh-sinh-vien"
4062,"/thong-tu-8-2015-cua-bo-giao-duc-va-dao-tao-quy-che-danh-gia-ket-qua-ren-luyen-cua-nguoi-hoc-he-dai-hoc"
4059,"/thong-tu-10-2016-cua-bo-giao-duc-va-dao-tao-quy-che-cong-tac-sinh-vien-he-dai-hoc"
3978,"/van-bang"
3969,"/danh-muc-cac-cong-trinh-nghien-cuu-khoa-hoc-dang-tren-tap-chi-khoa-hoc-quoc-te-nam-2013"
3964,"/danh-muc-cac-cong-trinh-nghien-cuu-khoa-hoc-dang-tren-tap-chi-khoa-hoc-trong-nuoc-nam-2013"
3952,"/de-tai-san-pham"
3935,"/ket-qua-nghien-cuu"
3933,"/tap-chi-khoa-hoc-cong-nghe-tttt"
3931,"/tap-chi"
3912,"/chuong-trinh-trao-doi-hoc-vien-cao-hoc-voi-truong-dai-hoc-aizu-nhat-ban"
3905,"/ban-lien-lac-cuu-sinh-vien-khoa-iii"
3903,"/ban-lien-lac-cuu-sinh-vien-khoa-ii"
3899,"/ban-lien-lac-cuu-sinh-vien-khoa-i"
2958,"/chuan-dau-ra-nganh-ke-toan"
2956,"/chuan-dau-ra-nganh-quan-tri-kinh-doanh"
2954,"/chuan-dau-ra-nganh-dien-dien-tu"
2952,"/chuan-dau-ra-nganh-cong-nghe-thong-tin"
2950,"/chuan-dau-ra-nganh-dien-tu-vien-thong"
3808,"/cao-dang-nghe-svtl"
3806,"/cao-dang-chinh-quy-svtl"
3804,"/lien-thong-dai-hoc-svtl"
3802,"/dai-hoc-chinh-quy-svtl"
3799,"/chuong-trinh-dao-tao-svtl"
3797,"/chuan-dau-ra-svtl"
3794,"/co-so-vat-chat-hoc-vien-svtl"
4188,"/bo-truong-bo-thong-tin-va-truyen-thong-ban-hanh-quy-che-to-chuc-va-hoat-dong-cua-hoc-vien-cong-nghe-buu-chinh-vien-thong"
4175,"/giang-vien-hoc-vien-duoc-vinh-danh-tai-le-cong-bo-thuong-cong-trinh-toan-hoc-nam-2015"
3729,"/dao-tao-dai-hoc"
3649,"/cong-tac-sinh-vien"
4246,"/thong-bao-tuyen-sinh-trinh-do-thac-si-dot-2-nam-2016-2"
4243,"/thong-bao-ket-qua-cham-phuc-thao-bai-thi-tuyen-trinh-do-thac-si-dot-1-nam-2016-2"
4237,"/thong-bao-ke-hoach-nhap-hoc-trinh-do-thac-si-dot-1-nam-2016-2"
3785,"/thong-bao-tuyen-sinh-trinh-do-thac-si-dot-2-nam-2016"
3782,"/thong-bao-ket-qua-cham-phuc-thao-bai-thi-tuyen-trinh-do-thac-si-dot-1-nam-2016"
3774,"/thong-bao-ke-hoach-nhap-hoc-trinh-do-thac-si-dot-1-nam-2016"
3869,"/dang-van-quy-chang-trai-luon-co-gang-chien-thang-ban-than-3"
3866,"/dang-van-quy-chang-trai-luon-co-gang-chien-thang-ban-than-2"
3864,"/giac-mo-tro-thanh-giang-vien-dai-hoc-cua-nu-thu-khoa-nganh-cong-nghe-da-phuong-tien-khoa-dau-tien-3"
3861,"/giac-mo-tro-thanh-giang-vien-dai-hoc-cua-nu-thu-khoa-nganh-cong-nghe-da-phuong-tien-khoa-dau-tien-2"
3619,"/giac-mo-tro-thanh-giang-vien-dai-hoc-cua-nu-thu-khoa-nganh-cong-nghe-da-phuong-tien-khoa-dau-tien"
3616,"/dang-van-quy-chang-trai-luon-co-gang-chien-thang-ban-than"
3541,"/trao-bang-tot-nghiep-he-dai-hoc-chinh-quy-khoa-2011-2016-khoi-nganh-ky-thuat"
4428,"/dong-dao-sinh-vien-hoc-vien-cong-nghe-buu-chinh-vien-thong-tham-gia-hoi-thao-tuyen-dung-cua-cong-ty-framgia-viet-nam"
6989,"/gap-go-chang-sinh-vien-hai-lan-thu-khoa-2"
3401,"/the-le-gui-bai-bao-cao"
3399,"/ky-yeu-hoi-nghi"
3396,"/cac-bai-bao-da-duoc-cong-bo"
2960,"/van-bang-tot-nghiep"
3389,"/cong-nhan-tot-nghiep"
3444,"/hoi-dong-chuc-danh-giao-su-hoc-vien-hop-phien-thu-nhat-nam-2016"
3441,"/sinh-vien-hoc-vien-cong-nghe-buu-chinh-vien-thong-doi-mua-di-bau-cu"
3341,"/dual-phd-program-between-ptit-and-uts-university-of-technology-sydney"
3438,"/sinh-vien-hoc-vien-cong-nghe-buu-chinh-vien-thong-san-sang-cho-dot-sinh-hoat-chinh-tri-lon-nhat-cua-ca-nuoc"
3435,"/bo-truong-truong-minh-tuan-gui-thu-chuc-mung-cbcnv-nganh-thong-tin-va-truyen-thong-nhan-ngay-khoa-hoc-va-cong-nghe-viet-nam"
3432,"/sau-lang-dem-nhac-thien-nguyen-he-trao-yeu-thuong"
4351,"/sau-lang-dem-nhac-thien-nguyen-he-trao-yeu-thuong-2"
3336,"/hoc-bong-thuc-tap-viec-lam"
3331,"/van-phong-giao-dich-mot-cua"
3329,"/quy-trinh-thu-tuc"
3327,"/chuc-nang-nhiem-vu"
3323,"/bieu-mau-hanh-chinh"
3320,"/quy-dinh-chinh-sach"
3429,"/hoi-thao-khoi-nghiep-nhan-thuc-va-hanh-dong"
3413,"/thong-bao-quyet-dinh-phe-duyet-danh-sach-trung-tuyen-trinh-do-thac-si-dot-1-nam-2016"
4355,"/hoi-thao-khoi-nghiep-nhan-thuc-va-hanh-dong-2"
3263,"/chuyen-san-khcn-online"
3212,"/dao-tao-ngan-han"
3210,"/dao-tao-dai-han"
3185,"/thong-bao-diem-chuan-trung-tuyen-trinh-do-thac-si-dot-1-nam-2016"
3424,"/hoc-vien-dat-ket-qua-cao-trong-giai-quan-vot-cau-long-cac-truong-dai-hoc-cao-dang-hoc-vien-khu-vuc-ha-noi-nam-2016"
3154,"/sinh-vien-tuong-lai"
3152,"/cac-hoat-dong-xa-hoi-phat-trien-ky-nang-sinh-vien"
3149,"/cuu-sinh-vien"
3139,"/sinh-vien"
3137,"/doan-thanh-nien"
3131,"/thong-tin-tuyen-dung-co-hoi-hoc-tap"
3127,"/ban-lien-lac-cuu-sinh-vien"
3119,"/trao-doi-sinh-vien-quoc-te"
3117,"/du-an-hop-tac-quoc-te"
3115,"/chuong-trinh-dao-tao-quoc-te"
5142,"/chuong-trinh-trao-doi-hoc-vien-cao-hoc-voi-truong-dai-hoc-aizu-nhat-ban-2"
3045,"/nam-2012-2013"
3037,"/nam-2013-2014"
3033,"/nam-2014-2015"
3009,"/cac-cong-trinh-khoa-hoc-da-cong-bo"
3007,"/chien-luoc-khoa-hoc-cong-nghe"
2998,"/cac-chuong-trinh-dao-tao-theo-nhu-cau-cua-doanh-nghiep"
2996,"/cac-chuong-trinh-dao-tao-ve-cntt"
2994,"/cac-chuong-trinh-dao-tao-ve-linh-vuc-vien-thong"
2992,"/cac-chuong-trinh-dao-tao-ve-kinh-doanh"
2990,"/cac-chuong-trinh-tap-huan-nghiep-vu"
2988,"/cac-chuong-trinh-dao-tao-ve-quan-ly"
2962,"/danh-gia-truong-hoc"
2944,"/cao-dang-nghe"
2942,"/cao-dang-chinh-quy"
2940,"/lien-thong-dai-hoc"
2938,"/dai-hoc-chinh-quy"
2936,"/ke-hoach-hoc-tap-va-giang-day"
2911,"/vien-khoa-hoc-ky-thuat-buu-dien"
2909,"/vien-cong-nghe-thong-tin-va-truyen-thong-cdit"
2907,"/vien-kinh-te-buu-dien"
2867,"/co-cau-to-chuc"
2846,"/ncov"
2844,"/trang-chu-test"
3421,"/dua-truyen-thong-da-phuong-tien-tro-thanh-nganh-hoc-the-manh-cua-hoc-vien-2"
3409,"/trung-bay-san-pham-nghien-cuu-khoa-hoc-ung-dung-trong-thuc-te-cua-hoc-vien-giai-doan-2010-2015-2"
4433,"/soi-dong-cuoc-thi-sinh-vien-an-toan-thong-tin-2016-2"
2521,"/soi-dong-cuoc-thi-sinh-vien-an-toan-thong-tin-2016"
2524,"/day-manh-cac-hoat-dong-hop-tac-trong-dao-tao-nguon-nhan-luc-giua-samsung-va-hoc-vien"
3020,"/thong-bao-ket-qua-thi-tuyen-sinh-trinh-do-thac-si-dot-1-nam-2016"
2527,"/nhanh-chong-trien-khai-cac-noi-dung-cua-thoa-thuan-hop-tac-da-duoc-ky-ket-voi-vnnic-va-vien-cntt-vien-han-lam-khoa-hoc-va-cong-nghe-viet-nam"
2530,"/20-000-usd-tu-quy-tai-tro-motorola-foundation-se-duoc-tai-tro-cho-cac-hoat-dong-nghien-cuu-va-dao-tao-cua-hoc-vien"
2533,"/hoi-thao-xay-dung-cac-du-an-hop-tac-nghien-cuu-va-phat-trien-giua-hoc-vien-cong-nghe-buu-chinh-vien-thong-va-samsung"
2536,"/hoc-vien-to-chuc-hoi-nghi-can-bo-cong-chuc-nam-2016"
2539,"/hop-hoi-dong-bien-tap-tap-chi-khoa-hoc-cong-nghe-cua-hoc-vien-cong-nghe-buu-chinh-vien-thong"
2515,"/thong-bao-tuyen-thang-va-uu-tien-xet-tuyen-vao-dai-hoc-he-chinh-quy-nam-2016"
4436,"/ky-thi-lap-trinh-theo-chuan-quoc-te-acmicpc-ptit-2016-2"
2549,"/ky-thi-lap-trinh-theo-chuan-quoc-te-acmicpc-ptit-2016"
2552,"/le-cong-bo-quyet-dinh-bo-nhiem-can-bo"
3193,"/thong-bao-danh-sach-phong-thi-tuyen-sinh-trinh-do-thac-si-dot-1-nam-2016"
2555,"/hoi-nghi-can-bo-cong-chuc-khoi-quan-ly-va-dao-tao-phia-bac-nam-2016"
3202,"/thong-bao-quyet-dinh-bo-sung-thi-sinh-duoc-mien-thi-mon-tieng-anh-trong-ky-thi-tuyen-sinh-trinh-do-thac-si-dot-1-nam-2016"
3199,"/thong-bao-quyet-dinh-danh-sach-thi-sinh-du-thi-tuyen-sinh-trinh-do-thac-si-dot-1-nam-2016"
2463,"/khai-giang-truong-he-da-phuong-tien-2015"
2460,"/thanh-lap-khoa-da-phuong-tien-dap-ung-nhu-cau-dao-tao-tai-hoc-vien"
2457,"/sinh-vien-hoc-vien-huong-ung-thang-thanh-nien-2016"
2454,"/thanh-lap-khoa-da-phuong-tien-multimedia"
2451,"/chuong-trinh-hoc-bong-cua-chinh-phu-australia"
2518,"/thong-bao-tuyen-sinh-dai-hoc-he-chinh-quy-nam-2016"
3224,"/thong-bao-tuyen-sinh-dai-hoc-lien-thong-he-chinh-quy-nam-2016"
3217,"/thong-bao-tuyen-thang-va-uu-tien-xet-tuyen-vao-dai-hoc-he-chinh-quy-nam-2016-2"
3209,"/thong-bao-tuyen-sinh-dai-hoc-he-chinh-quy-nam-2016-2"
3230,"/thong-bao-qd-cong-nhan-hoan-thanh-chuong-trinh-bo-sung-kien-thuc-du-thi-thac-si-dot-1-nam-2016"
3227,"/thong-bao-quyet-dinh-mien-thi-mon-tieng-anh-trong-ky-thi-tuyen-sinh-trinh-do-thac-si-dot-1-nam-2016"
4439,"/hoi-thao-ve-chinh-phu-dien-tu-e-government-danh-cho-sinh-vien-chat-luong-cao-cua-hoc-vien-2"
2558,"/hoi-thao-ve-chinh-phu-dien-tu-e-government-danh-cho-sinh-vien-chat-luong-cao-cua-hoc-vien"
4442,"/soi-noi-ngay-hoi-ket-noi-doanh-nghiep-cua-sinh-vien-hoc-vien-cong-nghe-buu-chinh-vien-thong-co-so-thanh-pho-ho-chi-minh-2"
2562,"/soi-noi-ngay-hoi-ket-noi-doanh-nghiep-cua-sinh-vien-hoc-vien-cong-nghe-buu-chinh-vien-thong-co-so-thanh-pho-ho-chi-minh"
4221,"/thong-tin-tuyen-dung-cong-ty-co-phan-xay-dung-va-lap-dat-vien-thong-comas"
2566,"/le-cong-bo-quyet-dinh-bo-nhiem-can-bo-2"
2579,"/hoc-vien-cong-nghe-buu-chinh-vien-thong-ky-bien-ban-ghi-nho-hop-tac-trong-dao-tao-va-nghien-cuu-khoa-hoc-an-toan-an-ninh-thong-tin"
2575,"/hoi-thao-gioi-thieu-du-an-vefsta-fellowship-program"
4721,"/hoi-thao-gioi-thieu-du-vefsta-fellowship-program-2"
3234,"/thong-bao-dieu-chinh-chi-tieu-tuyen-sinh-sau-dai-hoc-dot-1-nam-2016"
2584,"/khai-mac-vong-chung-ket-giai-bong-da-sinh-vien-hoc-vien-cong-nghe-buu-chinh-vien-thong-nam-2016"
2590,"/cong-ty-samsung-electronics-viet-nam-to-chuc-hoi-thao-tuyen-dung-danh-cho-sinh-vien-hoc-vien-cong-nghe-buu-chinh-vien-thong"
2594,"/tuan-le-mua-xuan-2016-cua-to-chuc-rei-tai-hoc-vien-cong-nghe-buu-chinh-vien-thong"
4718,"/tuan-le-mua-xuan-2016-cua-chuc-rei-tai-hoc-vien-cong-nghe-buu-chinh-vien-thong-2"
2603,"/vu-thi-quynh-trang-guong-sang-sinh-vien-thoi-ky-hoi-nhap"
3641,"/vu-thi-quynh-trang-guong-sang-sinh-vien-thoi-ky-hoi-nhap-2"
3239,"/thong-bao-tuyen-sinh-dot-i-chuong-trinh-trao-doi-hoc-vien-cao-hoc-giua-hoc-vien-va-truong-dai-hoc-aizu"
3237,"/co-hoi-lay-bang-thac-si-nhat-ban-cho-ung-vien-cao-hoc-khoa-2016"
2631,"/lanh-dao-tre-fpt-doi-thoai-voi-sinh-vien-hoc-vien-cong-nghe-buu-chinh-vien-thong"
2626,"/hoi-trai-chao-mung-85-nam-thanh-lap-doan-tncs-ho-chi-minh"
3625,"/lanh-dao-tre-fpt-doi-thoai-voi-sinh-vien-hoc-vien-cong-nghe-buu-chinh-vien-thong-2"
2637,"/hoc-vien-cong-nghe-buu-chinh-vien-thong-thanh-lap-khoa-da-phuong-tien"
3257,"/thong-bao-ve-thoi-gian-tuyen-sinh-trinh-do-thac-si-dot-1-nam-2016"
2640,"/hoi-thao-cac-cong-nghe-tao-nen-mang-5g-mot-goc-nhin-thuc-te"
3264,"/thong-bao-tuyen-sinh-cao-dang-nghe-nam-2016"
2646,"/hoi-thao-trao-doi-hoc-vien-cao-hoc-giua-hoc-vien-va-truong-dai-hoc-aizu-nhat-ban"
2643,"/tung-bung-ngay-hoi-tu-van-tuyen-sinh-2016"
2794,"/thong-bao-tuyen-sinh-chuong-trinh-trao-doi-hoc-vien-cao-hoc-giua-hoc-vien-cong-nghe-buu-chinh-vien-thong-va-dai-hoc-aizu-nhat-ban"
3250,"/thong-bao-chuong-trinh-trao-doi-hoc-vien-cao-hoc-voi-truong-dai-hoc-aizu-nhat-ban"
3245,"/hoi-thao-gioi-thieu-chuong-trinh-trao-doi-hoc-vien-cao-hoc-giua-hoc-vien-va-truong-dai-hoc-aizu-nhat-ban"
2649,"/hoc-vien-cong-nghe-bcvt-se-mo-cac-nganh-moi-buu-chinh-phat-thanh-truyen-hinh"
2657,"/soi-noi-cac-hoat-dong-chao-mung-ngay-quoc-te-phu-nu-83"
3274,"/thong-bao-lich-xet-cong-nhan-dat-tieu-chuan-chuc-danh-gs-pgs-nam-2016"
3268,"/thong-bao-danh-sach-trung-tuyen-lop-ky-su-chat-luong-cao-nam-2015"
2571,"/thong-tin-tuyen-sinh-dai-hoc-cao-dang-he-chinh-quy-nam-2016"
2676,"/hoc-vien-cao-hoc-khoa-2014-dot-1-bao-ve-luan-van-thac-si"
2670,"/sinh-vien-hoc-vien-huong-ung-thang-thanh-nien-2016-2"
3277,"/thong-tin-tuyen-sinh-dai-hoc-cao-dang-he-chinh-quy-nam-2016-2"
3279,"/thong-bao-tuyen-sinh-trinh-do-tien-si-dot-1-nam-2016"
2663,"/thanh-lap-khoa-da-phuong-tien-dap-ung-nhu-cau-dao-tao-tai-hoc-vien-2"
2689,"/thi-diem-doi-moi-co-che-hoat-dong-cua-hoc-vien-cong-nghe-bcvt"
2682,"/hoat-dong-nghien-cuu-khoa-hoc-gop-phan-truc-tiep-vao-nang-cao-chat-luong-dao-tao-tai-hoc-vien"
4162,"/thong-bao-ve-viec-tam-thu-ho-so-xet-mien-giam-hoc-phi-va-ho-tro-chi-phi-hoc-tap-nam-hoc-2015-2016"
2733,"/sinh-vien-ptit-gianh-nhieu-giai-cao-tai-ky-thi-olympic-tin-ho%cc%a3c-va-la%cc%a3p-trinh-sinh-vien-quoc-te-acmicpc-2015"
2730,"/khai-giang-khoa-hoc-nang-cao-ky-nang-ve-an-toan-thong-tin-cho-can-bo-quan-ly"
2665,"/20-sinh-vien-ptit-nhan-hoc-bong-tai-nang-cua-samsung"
2671,"/hoc-vien-nhan-co-don-vi-dan-dau-phong-trao-thi-dua-cua-bo-thong-tin-va-truyen-thong"
2741,"/to-chuc-nhap-hoc-thac-si-dot-2-nam-2015"
2678,"/hoat-dong-nghien-cuu-khoa-hoc-cua-sinh-vien-gop-phan-nang-cao-chat-luong-dao-tao-cua-hoc-vien"
2686,"/hop-mat-truyen-thong-ky-niem-71-nam-ngay-thanh-lap-quan-doi-nhan-dan-viet-nam-va-26-nam-ngay-hoi-quoc-phong-toan-dan"
2744,"/2744-2"
2747,"/chung-ket-va-trao-giai-cuoc-thi-thiet-ke-dien-tu-ptit-2015"
2703,"/hoc-vien-cong-nghe-buu-chinh-vien-thong-to-chuc-khai-giang-lop-dai-hoc-nganh-quan-tri-kinh-doanh-tai-thanh-pho-bac-giang"
2692,"/sinh-vien-hoc-vien-lan-thu-hai-gianh-giai-nhat-cuoc-thi-smac-challenge"
2753,"/chung-ket-cuoc-thi-sing-to-learn-ptit-2015-ts-vu-van-san-giam-doc-hoc-vien-tang-hoa-chuc-mung-cac-thi-sinh-dat-giai-nhat-va-nhi-cuoc-thi-ngay-17112015-tai-co-so-dao-tao-ha-noi-cua-hoc-vien-c"
2750,"/hoc-vien-cong-bo-cac-quyet-dinh-dieu-chinh-to-chuc-bo-may-va-bo-nhiem-can-bo"
2711,"/khai-giang-khoa-dao-tao-trinh-do-tien-sy-dot-2-nam-2015"
2757,"/bo-truong-nguyen-bac-son-chuc-mung-cac-nha-giao-nganh-thong-tin-va-truyen-thong"
2760,"/ung-dung-icook-giup-sinh-vien-hoc-vien-gianh-quyen-du-vong-chung-ket-cuoc-thi-s-m-a-c-challenge-2015"
2763,"/khai-giang-tuan-le-rei-tai-hoc-vien-cong-nghe-buu-chinh-vien-thong"
2717,"/hoi-thao-quoc-gia-2015-ve-dien-tu-truyen-thong-va-cong-nghe-thong-tin"
4208,"/thong-bao-ket-luan-cua-hoi-dong-xet-cap-hoc-bong-xet-cap-hoc-bong-cho-sinh-vien-he-cd-dh-chinh-quy-hoc-ky-2-nam-hoc-2014-2015"
3294,"/thong-bao-danh-sach-trung-tuyen-trinh-do-tien-si-dot-2-nam-2015"
3633,"/gap-go-chang-sinh-vien-hai-lan-thu-khoa"
2722,"/sinh-vien-hoc-vien-duoc-trao-giai-thuong-nu-sinh-tieu-bieu-trong-linh-vuc-ky-thuat-nam-2015"
3637,"/sinh-vien-hoc-vien-duoc-trao-giai-thuong-nu-sinh-tieu-bieu-trong-linh-vuc-ky-thuat-nam-2015-2"
2725,"/sinh-vien-lao-tai-hoc-vien-chao-don-ky-niem-40-nam-quoc-khanh-nuoc-chdcnd-lao"
4701,"/hoi-thao-quoc-gia-2015-ve-dien-tu-truyen-thong-va-cntt"
2852,"/lich-su-phat-trien-hoc-vien-cong-nghe-buu-chinh-vien-thong"
2858,"/y-nghia-logo-hoc-vien"
2854,"/tam-nhin-su-mang"
3307,"/de-tai-du-an-cap-nha-nuoc-nam-2013"
3305,"/de-tai-du-an-cap-bo-nam-2013"
3303,"/de-tai-du-an-cap-hoc-vien-nam-2013"
3301,"/de-tai-du-an-cap-nha-nuoc-nam-2012"
3295,"/de-tai-du-an-cap-bo-nam-2012"
3283,"/de-tai-du-an-cap-hoc-vien-nam-2012"
12714,"/thong-bao-tuyen-dung-chuyen-vien-tuyen-dung-dao-tao-va-tong-hop"
12710,"/thong-bao-tuyen-dung-ky-su-cu-nhan-cong-nghe-thong-tin-tin-hoc-ky-su-dien-tu-vien-thong"
